{"version":"1","sigil_version":"0.2.4","damping":0.85,"iterations_max":50,"transitive_depth":3,"file_count":103,"file_rank":{"src/parser/mod.rs":0.002227328309296844,"tests/rank_live_smoke.rs":0.0057862817984982405,"src/duplicates.rs":0.010855444850580123,"ARCHITECTURE.md":0.002227328309296844,"src/inline_diff.rs":0.032018589198180666,"tests/fixtures/sample.json":0.002227328309296844,"src/entity.rs":0.06772422217025366,"src/parser/markdown.rs":0.015860251867403988,"src/parser/c_lang.rs":0.004909941630759605,"src/context.rs":0.011408440115347413,"src/install/claude.rs":0.0167790912700641,"src/main.rs":0.009664482329894114,"src/community.rs":0.00927744446839461,"blog-agent-adoption.md":0.002227328309296844,"src/install/opencode.rs":0.015580934891139384,"src/install/cursor.rs":0.013923436890716822,"src/benchmark.rs":0.012401934865368293,"src/query/mod.rs":0.011117380810841392,"src/parser/rust_lang.rs":0.004522227218883428,"src/writer.rs":0.006950789993653644,"tests/integration.rs":0.01165320424280487,"src/lib.rs":0.01683733796415266,"python/pyproject.toml":0.002227328309296844,"src/parser/languages.rs":0.004258251645553538,"worked/sigil-self/blast-Entity.md":0.002227328309296844,"src/index.rs":0.005661375888056852,"evals/results/rg-comparison-2026-04-20.md":0.002227328309296844,"evals/results/0.2.4-HEAD-3..HEAD-o200k.json":0.003281492496658279,"tests/fixtures/sample.py":0.007803660657604735,"src/parser/typescript.rs":0.004980466792985038,"src/parser/ruby.rs":0.004466177248791708,"src/install/gemini.rs":0.016725245789979182,"src/yaml_index.rs":0.008190116817212139,"src/map.rs":0.01831164263152314,"src/parser/metadata.rs":0.00410626123561425,"dist-workspace.toml":0.002227328309296844,"tests/fixtures/sample_v2.md":0.002227328309296844,"src/install/githook.rs":0.008026254461045249,"src/markdown_index.rs":0.004640672166448907,"src/matcher.rs":0.008840018192285307,"src/install/copilot.rs":0.008817893221866303,"src/install/mod.rs":0.01485981985304619,"worked/sigil-self/context-Entity.md":0.002227328309296844,"src/review.rs":0.010946403711576241,"src/meta.rs":0.003372159519553154,"skills/sigil/SKILL.md":0.002227328309296844,"src/query/index.rs":0.022611871384664244,"evals/compare_rg.py":0.013120750997815907,"src/parser/python.rs":0.006637677346362424,"grouping-implementation-plan.md":0.002227328309296844,"src/signature.rs":0.003372159519553154,"src/parser/javascript.rs":0.004649813533804014,"tests/fixtures/sample.ts":0.002227328309296844,"tests/diff_integration.rs":0.009269331014833463,"tests/fixtures/sample.rs":0.006490510700366194,"tests/fixtures/sample.yaml":0.002227328309296844,"worked/README.md":0.002227328309296844,"src/parser/csharp.rs":0.004773370691357968,"src/change_detail.rs":0.029208495695227987,"src/parser/treesitter.rs":0.008861134802858222,"src/parser/sfc.rs":0.003372159519553154,"src/cache.rs":0.02054631910226251,"src/grouping.rs":0.022396773878336232,"src/toml_index.rs":0.008444691830585264,"CHANGELOG.md":0.002227328309296844,"src/git.rs":0.007796583708458493,"agent-adoption-plan.md":0.002227328309296844,"src/parser/format.rs":0.03234267900642366,"src/cochange.rs":0.017785226764397945,"src/rank.rs":0.02172983951726612,"CLAUDE.md":0.002227328309296844,"src/output.rs":0.03669341379057721,"src/classifier.rs":0.007297502015230209,"src/query/duckdb_backend.rs":0.023152171607765913,"src/parser/cpp.rs":0.005189581203724424,"python/README.md":0.002227328309296844,"tests/fixtures/sample.toml":0.002227328309296844,"tests/fixtures/sample.md":0.002227328309296844,"src/diff.rs":0.009636332746693293,"tests/fixtures/sample.go":0.0050154944834507895,"python/src/lib.rs":0.004431715171824127,"src/json_index.rs":0.006535386014883896,"src/install/codex.rs":0.016749417775585255,"tests/markdown_integration.rs":0.012949458928883934,"src/parser/helpers.rs":0.03524504257323275,"src/install/aider.rs":0.014082798257406434,"worked/sigil-self/review-HEAD~3..HEAD.md":0.002227328309296844,"codesight-analysis.md":0.002227328309296844,"src/parser/go.rs":0.0046400098117357225,"src/blast.rs":0.012445618405607033,"src/diff_json.rs":0.040896271677610084,"worked/sigil-self/duplicates.md":0.002227328309296844,"python/Cargo.toml":0.002227328309296844,"worked/sigil-self/notes.md":0.002227328309296844,"README.md":0.002227328309296844,"evals/README.md":0.002227328309296844,"worked/sigil-self/SIGIL_MAP.md":0.002227328309296844,"src/hasher.rs":0.003372159519553154,"src/parser/java.rs":0.004779146567234886,"Cargo.toml":0.002227328309296844,"src/markdown_formatter.rs":0.014486384522126677,"src/formatter.rs":0.009581318837498952,"src/tokens.rs":0.00803218888960588}}