{"version":"1","sigil_version":"0.3.2","damping":0.85,"iterations_max":50,"transitive_depth":3,"file_count":94,"file_rank":{"src/output.rs":0.03645576655196388,"src/cochange.rs":0.017618700879085014,"src/classifier.rs":0.007264011391098101,"src/parser/helpers.rs":0.035148600110369646,"src/parser/python.rs":0.0066167620203330885,"src/query/duckdb_backend.rs":0.02299509249447011,"src/parser/c_lang.rs":0.004896407151121563,"evals/README.md":0.00222663153983852,"CHANGELOG.md":0.00222663153983852,"src/writer.rs":0.006842452830918435,"src/install/copilot.rs":0.008739068885575256,"src/change_detail.rs":0.029010508088522013,"evals/compare_rg.py":0.02696301550594475,"tests/fixtures/sample.json":0.00222663153983852,"src/parser/format.rs":0.032252955091317516,"tests/fixtures/sample.rs":0.005229947900812571,"skills/sigil/SKILL.md":0.00222663153983852,"src/install/cursor.rs":0.013726529877963986,"src/cache.rs":0.02033726429275947,"src/community.rs":0.009219707306270508,"tests/rank_live_smoke.rs":0.005496207230043628,"src/parser/cpp.rs":0.005175272753295764,"python/README.md":0.00222663153983852,"src/inline_diff.rs":0.03180155625071378,"src/signature.rs":0.0033630064878106313,"tests/fixtures/sample.toml":0.00222663153983852,"src/formatter.rs":0.009534891341605078,"src/map.rs":0.01810337957012803,"src/hasher.rs":0.0033630064878106313,"src/install/githook.rs":0.007957573400140396,"src/parser/metadata.rs":0.004095216448688885,"src/query/mod.rs":0.010967173200013468,"evals/results/multilang-with-db-2026-04-20.md":0.00222663153983852,"tests/diff_integration.rs":0.00887259078248313,"src/context.rs":0.011339281342239809,"src/parser/java.rs":0.00476596780085539,"src/parser/ruby.rs":0.0044538445741819435,"src/toml_index.rs":0.008413352063334526,"src/install/mod.rs":0.014689916963207136,"src/duplicates.rs":0.01077899844229748,"src/index.rs":0.005634339406546715,"src/parser/languages.rs":0.0042480129634893705,"tests/fixtures/sample.py":0.004310101113303258,"src/diff.rs":0.009507770226934472,"src/install/aider.rs":0.013879387002567092,"src/install/opencode.rs":0.015355884505610689,"src/parser/rust_lang.rs":0.004509755789792455,"evals/results/0.2.4-HEAD-3..HEAD-o200k.json":0.003268195586183466,"src/rank.rs":0.021611484538101317,"tests/markdown_integration.rs":0.012847947722528017,"src/grouping.rs":0.02225483569191798,"src/lib.rs":0.016737892354855916,"src/entity.rs":0.06720547971140889,"tests/fixtures/sample.ts":0.00222663153983852,"src/blast.rs":0.012358240626473296,"python/Cargo.toml":0.00222663153983852,"tests/fixtures/sample_v2.md":0.00222663153983852,"CLAUDE.md":0.00222663153983852,"src/diff_json.rs":0.04058485415109942,"src/review.rs":0.010804621598501781,"python/pyproject.toml":0.00222663153983852,"evals/results/multilang-2026-04-20.md":0.00222663153983852,"src/yaml_index.rs":0.008159721753109587,"src/parser/javascript.rs":0.004636991251409223,"src/meta.rs":0.0033630064878106313,"tests/integration.rs":0.01156189162695765,"tests/fixtures/sample.go":0.003533314277157135,"src/parser/csharp.rs":0.0047602167536809955,"Cargo.toml":0.00222663153983852,"src/git.rs":0.00766719202398961,"src/markdown_formatter.rs":0.014410008078708493,"dist-workspace.toml":0.00222663153983852,"src/json_index.rs":0.006511131380023514,"src/matcher.rs":0.008796590296279497,"src/main.rs":0.008004768972065906,"src/install/gemini.rs":0.01648366695020173,"evals/results/rg-comparison-2026-04-20.md":0.00222663153983852,"src/parser/markdown.rs":0.015813323830146216,"evals/bench_multilang.py":0.023767134070232288,"src/benchmark.rs":0.012253693791493688,"src/parser/go.rs":0.004627213764177622,"src/parser/typescript.rs":0.004966732866974484,"README.md":0.00222663153983852,"python/src/lib.rs":0.004344937718023921,"src/install/codex.rs":0.016507489795140204,"tests/fixtures/sample.md":0.00222663153983852,"src/tokens.rs":0.007981745574048401,"src/parser/mod.rs":0.00222663153983852,"src/query/index.rs":0.02234819364516458,"src/parser/treesitter.rs":0.00883838619399206,"src/markdown_index.rs":0.004623448422912327,"tests/fixtures/sample.yaml":0.00222663153983852,"src/install/claude.rs":0.016536734685029503,"src/parser/sfc.rs":0.0033630064878106313}}