{"version":"1","sigil_version":"0.2.4","damping":0.85,"iterations_max":50,"transitive_depth":3,"file_count":100,"file_rank":{"src/parser/cpp.rs":0.005536791286181296,"src/yaml_index.rs":0.008866110839862846,"grouping-implementation-plan.md":0.002356013319438634,"skills/sigil/SKILL.md":0.002356013319438634,"src/install/opencode.rs":0.015206813345424543,"src/parser/java.rs":0.005098888551529526,"src/parser/go.rs":0.004950441324734632,"src/install/gemini.rs":0.016346455557116824,"tests/fixtures/sample.md":0.002356013319438634,"blog-agent-adoption.md":0.002356013319438634,"src/formatter.rs":0.009822605057778228,"src/parser/csharp.rs":0.005092755902233288,"src/parser/typescript.rs":0.005313683033996398,"src/install/mod.rs":0.014857057040832032,"src/duplicates.rs":0.011500919118619895,"src/blast.rs":0.013435901267548404,"worked/sigil-self/notes.md":0.002356013319438634,"worked/sigil-self/SIGIL_MAP.md":0.002356013319438634,"tests/fixtures/sample.go":0.002356013319438634,"src/markdown_index.rs":0.005022699817353235,"src/grouping.rs":0.022099247612051124,"python/Cargo.toml":0.002356013319438634,"src/rank.rs":0.028071488418507727,"src/parser/mod.rs":0.002356013319438634,"src/matcher.rs":0.009080672275600589,"src/signature.rs":0.003594285359393118,"tests/fixtures/sample_v2.md":0.002356013319438634,"CHANGELOG.md":0.002356013319438634,"tests/fixtures/sample.yaml":0.002356013319438634,"src/parser/javascript.rs":0.004960901251318869,"src/install/cursor.rs":0.013611854446054946,"src/parser/sfc.rs":0.003594285359393118,"worked/sigil-self/review-HEAD~3..HEAD.md":0.002356013319438634,"src/diff_json.rs":0.040885275967484674,"worked/README.md":0.002356013319438634,"src/query/index.rs":0.02237731177976944,"src/install/aider.rs":0.013752469273265858,"Cargo.toml":0.002356013319438634,"src/main.rs":0.009266698136874148,"python/README.md":0.002356013319438634,"src/review.rs":0.01154866008440705,"src/install/claude.rs":0.016368703944738782,"tests/fixtures/sample.py":0.002356013319438634,"src/cochange.rs":0.025282736060104765,"src/change_detail.rs":0.028665310800841972,"src/map.rs":0.020041925135579758,"worked/sigil-self/duplicates.md":0.002356013319438634,"worked/sigil-self/context-Entity.md":0.002356013319438634,"src/parser/markdown.rs":0.016989336439217455,"worked/sigil-self/blast-Entity.md":0.002356013319438634,"src/lib.rs":0.019707072350190057,"evals/README.md":0.002356013319438634,"src/meta.rs":0.003594285359393118,"python/pyproject.toml":0.002356013319438634,"src/query/mod.rs":0.013045937712627992,"src/context.rs":0.012383740759878435,"agent-adoption-plan.md":0.002356013319438634,"src/parser/format.rs":0.03534222525259937,"codesight-analysis.md":0.002356013319438634,"src/json_index.rs":0.007073786343714183,"src/install/copilot.rs":0.009074651667047157,"tests/rank_live_smoke.rs":0.009266698136874148,"src/toml_index.rs":0.009139610026562151,"src/inline_diff.rs":0.031421588538977425,"tests/fixtures/sample.ts":0.002356013319438634,"src/index.rs":0.006206205810351391,"evals/results/0.2.4-HEAD-3..HEAD-o200k.json":0.0029806850866880372,"tests/integration.rs":0.015430164935273268,"src/parser/metadata.rs":0.004382922384466108,"src/parser/languages.rs":0.004579636235124821,"src/classifier.rs":0.007528030860375123,"src/parser/helpers.rs":0.037621457659928484,"src/install/githook.rs":0.008333010200468036,"src/parser/c_lang.rs":0.005238448538003154,"src/parser/treesitter.rs":0.00949818035654956,"src/diff.rs":0.00999506585282108,"src/parser/ruby.rs":0.004764932976220768,"dist-workspace.toml":0.002356013319438634,"src/hasher.rs":0.003594285359393118,"src/markdown_formatter.rs":0.014691739655284634,"tests/diff_integration.rs":0.014828297522545114,"src/git.rs":0.008769962041866962,"tests/fixtures/sample.rs":0.004358624472586838,"src/output.rs":0.03668390732936889,"src/tokens.rs":0.00894810984951867,"src/install/codex.rs":0.01634506482243945,"tests/fixtures/sample.json":0.002356013319438634,"src/parser/rust_lang.rs":0.0048247749402578,"CLAUDE.md":0.002356013319438634,"python/src/lib.rs":0.004582350900625058,"src/entity.rs":0.06376230979424036,"src/writer.rs":0.007365710973922834,"ARCHITECTURE.md":0.002356013319438634,"tests/markdown_integration.rs":0.017146570625956665,"src/cache.rs":0.020417405715668985,"tests/fixtures/sample.toml":0.002356013319438634,"src/parser/python.rs":0.0070747585150615815,"README.md":0.002356013319438634,"evals/results/0.2.4-HEAD-3..HEAD.json":0.0029806850866880372,"src/benchmark.rs":0.01273840796002951}}