{"version":"1","sigil_version":"0.2.4","damping":0.85,"iterations_max":50,"transitive_depth":3,"file_count":76,"file_rank":{"src/query/index.rs":0.025612693538160744,"src/change_detail.rs":0.0360119499688745,"src/hasher.rs":0.0045870128835660265,"src/signature.rs":0.004587012883566026,"ARCHITECTURE.md":0.002967594347518511,"tests/fixtures/sample.toml":0.002967594347518511,"src/parser/javascript.rs":0.006396609774844441,"src/parser/go.rs":0.006383480643559947,"tests/fixtures/sample.rs":0.005490049263541422,"src/parser/helpers.rs":0.047528656903380026,"src/parser/csharp.rs":0.006562859924819223,"Cargo.toml":0.002967594347518511,"src/markdown_index.rs":0.006425572930166836,"src/rank.rs":0.03503256129415534,"src/review.rs":0.015416620231416999,"README.md":0.002967594347518511,"src/classifier.rs":0.009696441292150425,"src/parser/format.rs":0.0442837028972007,"tests/fixtures/sample.py":0.002967594347518511,"grouping-implementation-plan.md":0.002967594347518511,"tests/integration.rs":0.018942945291868317,"src/cache.rs":0.026279658008561364,"src/lib.rs":0.021057750534586958,"python/src/lib.rs":0.0060944094312031325,"src/main.rs":0.00841133032699757,"CHANGELOG.md":0.002967594347518511,"dist-workspace.toml":0.002967594347518511,"tests/rank_live_smoke.rs":0.008411330326997568,"src/parser/markdown.rs":0.020169487995858493,"python/README.md":0.002967594347518511,"src/cochange.rs":0.032138384444524416,"src/parser/languages.rs":0.00428858264526078,"tests/fixtures/sample.ts":0.002967594347518511,"tests/fixtures/sample.md":0.002967594347518511,"src/parser/java.rs":0.0065744936720379885,"src/entity.rs":0.07825582245949586,"src/writer.rs":0.010104388457938061,"src/meta.rs":0.0045870128835660265,"src/formatter.rs":0.012548913036851647,"src/index.rs":0.006516411985396508,"tests/fixtures/sample.json":0.002967594347518511,"tests/fixtures/sample.go":0.002967594347518511,"src/diff.rs":0.01397226706569455,"agent-adoption-plan.md":0.002967594347518511,"src/parser/sfc.rs":0.004587012883566026,"src/diff_json.rs":0.05313872153129086,"src/inline_diff.rs":0.03945692825482922,"src/parser/ruby.rs":0.006151039155735059,"src/query/mod.rs":0.017027885407922192,"src/parser/cpp.rs":0.007138321579593003,"codesight-analysis.md":0.002967594347518511,"tests/markdown_integration.rs":0.021050069157582445,"src/grouping.rs":0.027768747911818718,"src/parser/typescript.rs":0.006851542809263721,"src/parser/treesitter.rs":0.010848712068885802,"src/parser/rust_lang.rs":0.006221465553443959,"src/output.rs":0.0471105160772327,"src/parser/python.rs":0.010234826850692625,"python/Cargo.toml":0.002967594347518511,"tests/diff_integration.rs":0.014390009381149928,"CLAUDE.md":0.002967594347518511,"src/matcher.rs":0.011696656422878872,"src/json_index.rs":0.009049672852545432,"tests/fixtures/sample_v2.md":0.002967594347518511,"src/markdown_formatter.rs":0.018684148196855644,"src/map.rs":0.028299383172981644,"src/parser/metadata.rs":0.0055191081977227965,"python/pyproject.toml":0.002967594347518511,"tests/fixtures/sample.yaml":0.002967594347518511,"src/parser/c_lang.rs":0.006752363320368689,"src/parser/mod.rs":0.002967594347518511,"src/yaml_index.rs":0.01134306229778475,"skills/sigil/SKILL.md":0.002967594347518511,"src/git.rs":0.011395731355244805,"src/context.rs":0.015936312113944424,"src/toml_index.rs":0.011692274805017397}}