{"version":"1","sigil_version":"0.2.4","damping":0.85,"iterations_max":50,"transitive_depth":3,"file_count":101,"file_rank":{"src/parser/typescript.rs":0.005110777413717277,"src/writer.rs":0.0070049430640628605,"src/parser/javascript.rs":0.004771473104564494,"README.md":0.0022662333495624843,"tests/fixtures/sample.yaml":0.0022662333495624843,"tests/fixtures/sample.json":0.0022662333495624843,"ARCHITECTURE.md":0.0022662333495624843,"worked/sigil-self/duplicates.md":0.0022662333495624843,"src/parser/mod.rs":0.0022662333495624843,"src/benchmark.rs":0.012166246317971967,"src/map.rs":0.018688895966352176,"src/git.rs":0.008195971840294658,"src/main.rs":0.009008288248410113,"src/community.rs":0.009393334652788637,"src/parser/markdown.rs":0.016345780891895485,"src/parser/sfc.rs":0.0034594948773846224,"src/inline_diff.rs":0.03293077742255012,"src/yaml_index.rs":0.008424014572801725,"agent-adoption-plan.md":0.0022662333495624843,"src/parser/metadata.rs":0.004215885586798735,"src/json_index.rs":0.006722027047546085,"src/cochange.rs":0.019005709788205878,"src/parser/java.rs":0.0049041893969033416,"worked/sigil-self/SIGIL_MAP.md":0.0022662333495624843,"src/install/cursor.rs":0.0139411323960286,"evals/README.md":0.0022662333495624843,"src/grouping.rs":0.023039753728454914,"src/install/mod.rs":0.014966470961704854,"src/context.rs":0.011698572680614286,"tests/fixtures/sample.ts":0.0022662333495624843,"src/formatter.rs":0.009839482854808953,"tests/fixtures/sample.py":0.0022662333495624843,"tests/fixtures/sample.toml":0.0022662333495624843,"src/query/mod.rs":0.011046366742055455,"src/parser/rust_lang.rs":0.004640553715787256,"src/install/codex.rs":0.016755816134873366,"blog-agent-adoption.md":0.0022662333495624843,"src/review.rs":0.011082754165085217,"src/diff_json.rs":0.04191371252744741,"dist-workspace.toml":0.0022662333495624843,"src/parser/cpp.rs":0.0053253518252455575,"tests/rank_live_smoke.rs":0.009008288248410113,"tests/integration.rs":0.014205232286085936,"src/query/index.rs":0.019593182822826884,"src/toml_index.rs":0.008685859879603273,"src/install/claude.rs":0.016785500966250668,"CLAUDE.md":0.0022662333495624843,"src/markdown_formatter.rs":0.014884028861212614,"CHANGELOG.md":0.0022662333495624843,"src/parser/ruby.rs":0.0045831246948336915,"src/lib.rs":0.01717227685187349,"grouping-implementation-plan.md":0.0022662333495624843,"src/parser/helpers.rs":0.036215173535818615,"worked/sigil-self/blast-Entity.md":0.0022662333495624843,"tests/markdown_integration.rs":0.015785273738348742,"src/parser/python.rs":0.006825805024877515,"src/parser/csharp.rs":0.0048982131007760605,"tests/fixtures/sample.go":0.0022662333495624843,"worked/sigil-self/review-HEAD~3..HEAD.md":0.0022662333495624843,"src/parser/languages.rs":0.004401664856747769,"src/install/aider.rs":0.01408817782024748,"python/pyproject.toml":0.0022662333495624843,"tests/fixtures/sample.rs":0.004192531571832898,"worked/sigil-self/context-Entity.md":0.0022662333495624843,"tests/fixtures/sample.md":0.0022662333495624843,"src/index.rs":0.005830909925281265,"python/src/lib.rs":0.0043865783693136625,"src/parser/treesitter.rs":0.009133079897162036,"src/diff.rs":0.009701307779587599,"src/install/gemini.rs":0.016731634914246764,"src/hasher.rs":0.0034594948773846224,"src/change_detail.rs":0.03004062578989992,"tests/diff_integration.rs":0.0141680315406824,"python/README.md":0.0022662333495624843,"codesight-analysis.md":0.0022662333495624843,"src/parser/format.rs":0.033273315575987575,"src/parser/c_lang.rs":0.005038379438207555,"src/cache.rs":0.02097873103214776,"src/markdown_index.rs":0.004773202901421205,"src/rank.rs":0.02224955410878144,"src/parser/go.rs":0.004761417249530369,"worked/sigil-self/notes.md":0.0022662333495624843,"skills/sigil/SKILL.md":0.0022662333495624843,"src/matcher.rs":0.00905906544225859,"src/signature.rs":0.0034594948773846224,"tests/fixtures/sample_v2.md":0.0022662333495624843,"src/install/copilot.rs":0.008964226020270404,"evals/results/0.2.4-HEAD-3..HEAD-o200k.json":0.0034594611349459455,"src/install/githook.rs":0.008168482163457964,"src/entity.rs":0.06986341922714767,"src/query/duckdb_backend.rs":0.01987255672216005,"src/output.rs":0.037687321669564955,"worked/README.md":0.0022662333495624843,"src/classifier.rs":0.007476564872971443,"src/meta.rs":0.0034594948773846224,"src/blast.rs":0.012646581663873191,"src/duplicates.rs":0.011011272839424312,"python/Cargo.toml":0.0022662333495624843,"Cargo.toml":0.0022662333495624843,"src/tokens.rs":0.008583562243206255,"src/install/opencode.rs":0.015586886825778605}}