{"version":"1","sigil_version":"0.2.4","damping":0.85,"iterations_max":50,"transitive_depth":3,"file_count":101,"file_rank":{"skills/sigil/SKILL.md":0.002265826415585549,"worked/sigil-self/blast-Entity.md":0.002265826415585549,"src/parser/treesitter.rs":0.00905992574345058,"src/install/codex.rs":0.017149549204984346,"src/hasher.rs":0.003457823925521745,"src/grouping.rs":0.022977915507719153,"CHANGELOG.md":0.002265826415585549,"python/pyproject.toml":0.002265826415585549,"src/formatter.rs":0.009827160985458324,"src/query/index.rs":0.023250153935384238,"src/parser/ruby.rs":0.004579311263058439,"python/Cargo.toml":0.002265826415585549,"tests/fixtures/sample.rs":0.004191778742429769,"src/parser/javascript.rs":0.0047676098077682845,"src/change_detail.rs":0.029966155598991847,"src/parser/sfc.rs":0.003457823925521745,"src/rank.rs":0.022304860347638095,"src/cache.rs":0.02106722989116519,"evals/results/0.2.4-HEAD-3..HEAD-o200k.json":0.003345628117159563,"src/install/aider.rs":0.014419226024757809,"src/community.rs":0.009518790037392368,"src/install/opencode.rs":0.015953152086782878,"python/src/lib.rs":0.0045154325469244265,"src/parser/typescript.rs":0.005106639721024451,"src/parser/java.rs":0.004900219378741248,"tests/integration.rs":0.013547613981371043,"src/parser/helpers.rs":0.036102237098689705,"tests/rank_live_smoke.rs":0.005890197127896028,"src/parser/metadata.rs":0.004208543426406979,"grouping-implementation-plan.md":0.002265826415585549,"CLAUDE.md":0.002265826415585549,"src/parser/csharp.rs":0.004894302555938053,"worked/sigil-self/context-Entity.md":0.002265826415585549,"ARCHITECTURE.md":0.002265826415585549,"tests/markdown_integration.rs":0.015054507897672586,"tests/fixtures/sample.py":0.002265826415585549,"src/parser/python.rs":0.006804256454107542,"src/install/cursor.rs":0.014256628281776828,"tests/fixtures/sample.toml":0.002265826415585549,"src/query/mod.rs":0.011536537852433068,"src/install/gemini.rs":0.017124799767636912,"tests/diff_integration.rs":0.01000567729356443,"dist-workspace.toml":0.002265826415585549,"python/README.md":0.002265826415585549,"blog-agent-adoption.md":0.002265826415585549,"src/parser/languages.rs":0.004345241058060907,"src/parser/mod.rs":0.002265826415585549,"src/diff_json.rs":0.04194057294343608,"tests/fixtures/sample.yaml":0.002265826415585549,"src/parser/format.rs":0.03313955897269253,"src/classifier.rs":0.007483021226881263,"src/markdown_formatter.rs":0.014859282741699701,"src/signature.rs":0.003457823925521745,"src/duplicates.rs":0.011134458810975904,"src/main.rs":0.007351999412656462,"src/query/duckdb_backend.rs":0.02376018159539247,"src/parser/c_lang.rs":0.005034330912192465,"src/writer.rs":0.007116636009785263,"README.md":0.002265826415585549,"worked/sigil-self/review-HEAD~3..HEAD.md":0.002265826415585549,"src/json_index.rs":0.006703243715355391,"src/install/claude.rs":0.01717993157838047,"src/install/githook.rs":0.008224412351353379,"src/parser/rust_lang.rs":0.004636790716895147,"src/install/mod.rs":0.015220616715050537,"worked/sigil-self/SIGIL_MAP.md":0.002265826415585549,"tests/fixtures/sample.go":0.002265826415585549,"agent-adoption-plan.md":0.002265826415585549,"src/diff.rs":0.009852529657500454,"src/context.rs":0.011699607046894031,"tests/fixtures/sample_v2.md":0.002265826415585549,"tests/fixtures/sample.json":0.002265826415585549,"worked/README.md":0.002265826415585549,"src/cochange.rs":0.018823471634193834,"src/git.rs":0.008090984149178021,"src/meta.rs":0.003457823925521745,"tests/fixtures/sample.md":0.002265826415585549,"worked/sigil-self/duplicates.md":0.002265826415585549,"src/lib.rs":0.01725071750999743,"src/tokens.rs":0.008226327658168471,"src/parser/markdown.rs":0.01624461497964311,"src/benchmark.rs":0.012703551904689882,"src/matcher.rs":0.0090650954399742,"evals/README.md":0.002265826415585549,"src/index.rs":0.005805924437620068,"src/markdown_index.rs":0.0047598651644179145,"worked/sigil-self/notes.md":0.002265826415585549,"src/yaml_index.rs":0.008400475380982299,"src/install/copilot.rs":0.009035138138257333,"src/review.rs":0.011213621947220875,"src/parser/go.rs":0.00475755724531822,"src/parser/cpp.rs":0.005321052981013992,"src/blast.rs":0.012765944299067092,"src/entity.rs":0.06950941845673946,"src/output.rs":0.03763946395112093,"Cargo.toml":0.002265826415585549,"codesight-analysis.md":0.002265826415585549,"src/inline_diff.rs":0.03284914258641121,"src/map.rs":0.018795672392954908,"src/toml_index.rs":0.00866158901426545,"tests/fixtures/sample.ts":0.002265826415585549}}