{"version":"1","sigil_version":"0.2.4","damping":0.85,"iterations_max":50,"transitive_depth":3,"file_count":72,"file_rank":{"CHANGELOG.md":0.003336715220218632,"src/parser/c_lang.rs":0.007669634344151596,"src/formatter.rs":0.013588876907037755,"src/diff.rs":0.016379592614102507,"src/index.rs":0.007119051128622825,"src/main.rs":0.009467295869561281,"src/parser/metadata.rs":0.006169184746879155,"src/inline_diff.rs":0.04045963321618365,"tests/fixtures/sample.go":0.003336715220218632,"tests/rank_live_smoke.rs":0.009467295869561281,"src/parser/mod.rs":0.003336715220218632,"CLAUDE.md":0.003336715220218632,"src/query/mod.rs":0.009742808218291406,"src/markdown_formatter.rs":0.020056617315914713,"grouping-implementation-plan.md":0.003336715220218632,"Cargo.toml":0.003336715220218632,"tests/fixtures/sample.yaml":0.003336715220218632,"tests/fixtures/sample.ts":0.003336715220218632,"src/diff_json.rs":0.051172567060499496,"src/parser/csharp.rs":0.007448192811699378,"tests/fixtures/sample_v2.md":0.003336715220218632,"src/entity.rs":0.0798179438564627,"README.md":0.003336715220218632,"tests/integration.rs":0.020881709718377085,"ARCHITECTURE.md":0.003336715220218632,"agent-adoption-plan.md":0.003336715220218632,"src/lib.rs":0.02992491124808813,"src/meta.rs":0.0050839688862171694,"python/pyproject.toml":0.003336715220218632,"src/output.rs":0.050304750711308945,"codesight-analysis.md":0.003336715220218632,"src/markdown_index.rs":0.007019081501375667,"tests/diff_integration.rs":0.01605655424114967,"src/writer.rs":0.01082877399705704,"src/parser/ruby.rs":0.00701869366831231,"src/parser/go.rs":0.007258992478894037,"src/rank.rs":0.05447020077867883,"src/parser/java.rs":0.007474793086727122,"src/parser/cpp.rs":0.008112878270543569,"python/src/lib.rs":0.007272813017929256,"src/signature.rs":0.0050839688862171694,"src/parser/python.rs":0.015568982239352476,"src/hasher.rs":0.005083968886217169,"src/grouping.rs":0.029117948629404422,"src/parser/languages.rs":0.004849680892606986,"skills/sigil/SKILL.md":0.003336715220218632,"src/cache.rs":0.02805238901309276,"src/git.rs":0.013096930591760442,"src/change_detail.rs":0.036934742685651945,"src/classifier.rs":0.011270186291040426,"tests/markdown_integration.rs":0.022917086829867896,"src/parser/sfc.rs":0.005083968886217169,"src/parser/helpers.rs":0.05559073917600544,"src/yaml_index.rs":0.012391079810588915,"tests/fixtures/sample.md":0.003336715220218632,"src/parser/javascript.rs":0.00727271859442381,"python/README.md":0.003336715220218632,"src/parser/typescript.rs":0.007789921596106451,"dist-workspace.toml":0.003336715220218632,"src/parser/rust_lang.rs":0.007074975807720853,"src/matcher.rs":0.014393535321838593,"tests/fixtures/sample.rs":0.006172922707407423,"src/json_index.rs":0.00988562719604248,"python/Cargo.toml":0.003336715220218632,"src/parser/format.rs":0.05043329355291916,"tests/fixtures/sample.toml":0.003336715220218632,"tests/fixtures/sample.py":0.003336715220218632,"tests/fixtures/sample.json":0.003336715220218632,"src/query/index.rs":0.01970589149932221,"src/parser/treesitter.rs":0.012541727261243956,"src/parser/markdown.rs":0.023240956375427706,"src/toml_index.rs":0.01277220686108753}}