{"version":"1","sigil_version":"0.2.4","damping":0.85,"iterations_max":50,"transitive_depth":3,"file_count":83,"file_rank":{"src/parser/ruby.rs":0.0053341332107447684,"src/parser/sfc.rs":0.00402054194637892,"src/parser/java.rs":0.00570728048075259,"tests/fixtures/sample.go":0.0026563543690281523,"src/diff.rs":0.011438359901882265,"src/json_index.rs":0.007958629704671316,"src/main.rs":0.00881405832707032,"src/diff_json.rs":0.046797614979313604,"src/install/codex.rs":0.01809513201317862,"src/index.rs":0.005730045248566476,"tests/fixtures/sample.py":0.0026563543690281523,"src/parser/c_lang.rs":0.00586330316563356,"CLAUDE.md":0.0026563543690281523,"agent-adoption-plan.md":0.0026563543690281523,"src/inline_diff.rs":0.035892563180348225,"src/duplicates.rs":0.013541608975430323,"src/hasher.rs":0.00402054194637892,"src/signature.rs":0.00402054194637892,"src/parser/csharp.rs":0.0057000874452386285,"tests/fixtures/sample.json":0.0026563543690281523,"src/map.rs":0.023651205511394862,"tests/fixtures/sample.ts":0.0026563543690281523,"src/parser/treesitter.rs":0.009481544831317306,"src/output.rs":0.04185652349466891,"src/benchmark.rs":0.014401234124266504,"Cargo.toml":0.0026563543690281523,"src/change_detail.rs":0.03274982498736194,"src/classifier.rs":0.008511145336730901,"tests/fixtures/sample_v2.md":0.0026563543690281523,"ARCHITECTURE.md":0.0026563543690281523,"src/parser/helpers.rs":0.04117619843588397,"tests/diff_integration.rs":0.014506311759131793,"src/markdown_index.rs":0.005650945457548277,"src/toml_index.rs":0.010282773993736513,"src/entity.rs":0.07349324458198776,"grouping-implementation-plan.md":0.0026563543690281523,"python/Cargo.toml":0.0026563543690281523,"src/yaml_index.rs":0.009975297187610027,"dist-workspace.toml":0.0026563543690281523,"src/install/cursor.rs":0.014257241230529348,"src/parser/rust_lang.rs":0.005400490689305966,"src/grouping.rs":0.025214716694004446,"src/cache.rs":0.023277825682491475,"src/query/index.rs":0.027561441088240258,"README.md":0.0026563543690281523,"src/parser/markdown.rs":0.01755144375694628,"tests/fixtures/sample.yaml":0.0026563543690281523,"src/lib.rs":0.022216919773465474,"src/meta.rs":0.00402054194637892,"skills/sigil/SKILL.md":0.0026563543690281523,"src/query/mod.rs":0.014603991429255461,"tests/integration.rs":0.016960878288574014,"src/rank.rs":0.03180665246378074,"src/parser/format.rs":0.03840737980085315,"tests/markdown_integration.rs":0.018847527061267647,"src/markdown_formatter.rs":0.016668574716150263,"src/parser/cpp.rs":0.00619736818370187,"tests/rank_live_smoke.rs":0.00881405832707032,"src/install/claude.rs":0.018114323273363934,"src/parser/languages.rs":0.003809462758348096,"python/src/lib.rs":0.0051724977914131085,"src/review.rs":0.01289296514994645,"tests/fixtures/sample.rs":0.004914255420440345,"tests/fixtures/sample.toml":0.0026563543690281523,"python/pyproject.toml":0.0026563543690281523,"src/writer.rs":0.008500941242446998,"src/parser/go.rs":0.005541159297097179,"src/formatter.rs":0.011119741571370917,"src/matcher.rs":0.010280941290122433,"codesight-analysis.md":0.0026563543690281523,"src/parser/python.rs":0.008021989083311849,"tests/fixtures/sample.md":0.0026563543690281523,"src/install/mod.rs":0.00825278735840736,"src/parser/mod.rs":0.0026563543690281523,"src/cochange.rs":0.027789668655427615,"src/context.rs":0.014615469555997697,"src/parser/metadata.rs":0.004822643371083822,"src/git.rs":0.009753247448828816,"CHANGELOG.md":0.0026563543690281523,"python/README.md":0.0026563543690281523,"src/parser/javascript.rs":0.005552828912273896,"src/parser/typescript.rs":0.005947728160413291,"src/blast.rs":0.01597981023546568}}