{"version":"1","sigil_version":"0.2.4","damping":0.85,"iterations_max":50,"transitive_depth":3,"file_count":94,"file_rank":{"src/toml_index.rs":0.008413352063334524,"src/install/cursor.rs":0.013726529877963975,"tests/markdown_integration.rs":0.012847947722528017,"evals/bench_multilang.py":0.023767134070232288,"src/matcher.rs":0.008796590296279492,"skills/sigil/SKILL.md":0.00222663153983852,"python/Cargo.toml":0.00222663153983852,"src/parser/java.rs":0.00476596780085539,"src/install/claude.rs":0.016536734685029496,"src/parser/languages.rs":0.004248012963489372,"src/inline_diff.rs":0.03180155625071378,"python/src/lib.rs":0.004344937718023921,"src/index.rs":0.005634339406546717,"src/grouping.rs":0.022254835691917982,"src/markdown_formatter.rs":0.014410008078708495,"dist-workspace.toml":0.00222663153983852,"src/cochange.rs":0.01761870087908501,"src/yaml_index.rs":0.008159721753109582,"src/parser/python.rs":0.0066167620203330885,"src/parser/typescript.rs":0.004966732866974482,"evals/results/multilang-2026-04-20.md":0.00222663153983852,"src/parser/javascript.rs":0.004636991251409223,"src/diff.rs":0.009507770226934472,"src/meta.rs":0.0033630064878106313,"src/parser/cpp.rs":0.005175272753295762,"src/output.rs":0.03645576655196389,"src/query/index.rs":0.02234819364516458,"tests/fixtures/sample.toml":0.00222663153983852,"evals/README.md":0.00222663153983852,"evals/compare_rg.py":0.026963015505944765,"src/query/mod.rs":0.010967173200013473,"src/benchmark.rs":0.012253693791493688,"src/parser/treesitter.rs":0.00883838619399206,"src/parser/rust_lang.rs":0.004509755789792455,"src/signature.rs":0.0033630064878106313,"src/parser/helpers.rs":0.03514860011036965,"src/context.rs":0.011339281342239809,"tests/fixtures/sample.md":0.00222663153983852,"CHANGELOG.md":0.00222663153983852,"src/rank.rs":0.021611484538101324,"evals/results/0.2.4-HEAD-3..HEAD-o200k.json":0.003268195586183466,"src/parser/go.rs":0.004627213764177623,"src/install/gemini.rs":0.01648366695020173,"src/install/copilot.rs":0.008739068885575251,"Cargo.toml":0.00222663153983852,"src/blast.rs":0.012358240626473295,"tests/fixtures/sample.yaml":0.00222663153983852,"src/markdown_index.rs":0.004623448422912329,"python/README.md":0.00222663153983852,"src/query/duckdb_backend.rs":0.022995092494470105,"src/change_detail.rs":0.02901050808852203,"src/classifier.rs":0.007264011391098103,"tests/fixtures/sample.go":0.003533314277157136,"tests/rank_live_smoke.rs":0.005496207230043629,"src/entity.rs":0.0672054797114089,"tests/fixtures/sample.py":0.004310101113303258,"src/install/aider.rs":0.013879387002567087,"src/install/mod.rs":0.014689916963207128,"CLAUDE.md":0.00222663153983852,"evals/results/rg-comparison-2026-04-20.md":0.00222663153983852,"tests/integration.rs":0.01156189162695765,"tests/fixtures/sample.rs":0.005229947900812571,"tests/fixtures/sample.ts":0.00222663153983852,"src/cache.rs":0.020337264292759474,"src/parser/csharp.rs":0.0047602167536809955,"tests/diff_integration.rs":0.008872590782483128,"tests/fixtures/sample.json":0.00222663153983852,"src/json_index.rs":0.006511131380023513,"README.md":0.00222663153983852,"src/parser/sfc.rs":0.0033630064878106313,"src/parser/markdown.rs":0.015813323830146227,"src/formatter.rs":0.009534891341605074,"src/diff_json.rs":0.040584854151099414,"src/parser/metadata.rs":0.004095216448688885,"src/parser/format.rs":0.032252955091317516,"src/install/githook.rs":0.007957573400140392,"src/install/codex.rs":0.016507489795140204,"src/parser/c_lang.rs":0.004896407151121562,"src/tokens.rs":0.0079817455740484,"src/duplicates.rs":0.01077899844229748,"evals/results/multilang-with-db-2026-04-20.md":0.00222663153983852,"src/parser/mod.rs":0.00222663153983852,"src/review.rs":0.010804621598501783,"src/main.rs":0.008004768972065908,"src/writer.rs":0.006842452830918439,"src/parser/ruby.rs":0.0044538445741819435,"src/hasher.rs":0.0033630064878106313,"src/install/opencode.rs":0.015355884505610682,"python/pyproject.toml":0.00222663153983852,"src/lib.rs":0.01673789235485592,"src/map.rs":0.018103379570128034,"src/git.rs":0.007667192023989611,"src/community.rs":0.00921970730627051,"tests/fixtures/sample_v2.md":0.00222663153983852}}