{"version":"1","sigil_version":"0.2.4","damping":0.85,"iterations_max":50,"transitive_depth":3,"file_count":106,"file_rank":{"src/formatter.rs":0.009286753384136823,"evals/results/rg-comparison-2026-04-20.md":0.0021686851842055255,"src/entity.rs":0.06545651040347453,"python/Cargo.toml":0.0021686851842055255,"tests/integration.rs":0.011261002634633588,"src/install/claude.rs":0.016106379174662455,"python/pyproject.toml":0.0021686851842055255,"src/writer.rs":0.006664383356533421,"src/yaml_index.rs":0.007947371407102407,"src/install/codex.rs":0.01607789535995717,"src/install/gemini.rs":0.016054692485761232,"src/json_index.rs":0.006341684300325836,"src/output.rs":0.03550703434122239,"src/diff.rs":0.009260338021351717,"src/parser/helpers.rs":0.03423388539693791,"src/cache.rs":0.019808003145964165,"CLAUDE.md":0.0021686851842055255,"src/parser/c_lang.rs":0.004768981992562289,"worked/sigil-self/notes.md":0.0021686851842055255,"src/tokens.rs":0.007774026917785079,"src/markdown_index.rs":0.0045031268053469286,"src/grouping.rs":0.021675671338709797,"src/install/aider.rs":0.013518186868620923,"tests/fixtures/sample.ts":0.0021686851842055255,"skills/sigil/SKILL.md":0.0021686851842055255,"src/hasher.rs":0.003275486877631817,"src/parser/markdown.rs":0.015401794512195345,"tests/fixtures/sample.go":0.0034413623090699674,"src/markdown_formatter.rs":0.014034999113863614,"codesight-analysis.md":0.0021686851842055255,"tests/fixtures/sample.md":0.0021686851842055255,"worked/sigil-self/SIGIL_MAP.md":0.0021686851842055255,"tests/fixtures/sample.toml":0.0021686851842055255,"worked/sigil-self/review-HEAD~3..HEAD.md":0.0021686851842055255,"src/benchmark.rs":0.01193480105855123,"src/parser/treesitter.rs":0.008608374112781562,"src/parser/languages.rs":0.004137461745884357,"tests/fixtures/sample.json":0.0021686851842055255,"evals/compare_rg.py":0.02626129052364269,"tests/fixtures/sample.rs":0.005093842149138433,"tests/rank_live_smoke.rs":0.005353172648507202,"src/install/cursor.rs":0.013369307729608135,"src/parser/python.rs":0.006444565989189617,"src/parser/csharp.rs":0.004636335843270029,"src/matcher.rs":0.008567665997511407,"src/install/githook.rs":0.007750483811424327,"src/git.rs":0.007467659372174624,"src/parser/go.rs":0.004506794152223328,"src/parser/cpp.rs":0.005040590336233901,"src/parser/rust_lang.rs":0.004392392929464308,"evals/README.md":0.0021686851842055255,"CHANGELOG.md":0.0021686851842055255,"python/src/lib.rs":0.004231864096349252,"src/parser/ruby.rs":0.004337936759492826,"src/parser/java.rs":0.004641937224004723,"src/parser/sfc.rs":0.003275486877631817,"src/diff_json.rs":0.039528665727168205,"src/parser/metadata.rs":0.003988641648579401,"src/rank.rs":0.02104906270997593,"worked/sigil-self/blast-Entity.md":0.0021686851842055255,"src/main.rs":0.007796450869624735,"src/parser/format.rs":0.03141359729533652,"src/query/mod.rs":0.010681761129581187,"src/meta.rs":0.003275486877631817,"src/parser/javascript.rs":0.004516317188053643,"src/community.rs":0.008979771712452095,"src/review.rs":0.010523439835017256,"src/map.rs":0.017632253428028558,"worked/sigil-self/duplicates.md":0.0021686851842055255,"src/signature.rs":0.003275486877631817,"src/lib.rs":0.016302301931141162,"src/inline_diff.rs":0.0309739461903104,"tests/markdown_integration.rs":0.012513590083040666,"agent-adoption-plan.md":0.0021686851842055255,"src/toml_index.rs":0.008194401188097064,"src/parser/mod.rs":0.0021686851842055255,"src/install/copilot.rs":0.00851164149309495,"src/classifier.rs":0.0070749712362722355,"src/install/opencode.rs":0.014956259689376285,"worked/sigil-self/context-Entity.md":0.0021686851842055255,"evals/results/multilang-2026-04-20.md":0.0021686851842055255,"src/install/mod.rs":0.014307623445834411,"Cargo.toml":0.0021686851842055255,"src/blast.rs":0.012036627195310165,"worked/README.md":0.0021686851842055255,"dist-workspace.toml":0.0021686851842055255,"grouping-implementation-plan.md":0.0021686851842055255,"tests/fixtures/sample.py":0.00419793635976541,"python/README.md":0.0021686851842055255,"src/duplicates.rs":0.010498483546611695,"src/query/index.rs":0.02176659954952963,"ARCHITECTURE.md":0.0021686851842055255,"README.md":0.0021686851842055255,"tests/diff_integration.rs":0.008641688469104625,"evals/bench_multilang.py":0.023148634164538107,"src/parser/typescript.rs":0.00483747753679671,"blog-agent-adoption.md":0.0021686851842055255,"src/query/duckdb_backend.rs":0.022396663347480736,"evals/results/multilang-with-db-2026-04-20.md":0.0021686851842055255,"src/change_detail.rs":0.028255532814039933,"tests/fixtures/sample_v2.md":0.0021686851842055255,"src/context.rs":0.011044185505343012,"tests/fixtures/sample.yaml":0.0021686851842055255,"src/cochange.rs":0.0171601880571237,"evals/results/0.2.4-HEAD-3..HEAD-o200k.json":0.003183143349384937,"src/index.rs":0.005487710149213347}}