{"version":"1","sigil_version":"0.2.4","damping":0.85,"iterations_max":50,"transitive_depth":3,"file_count":101,"file_rank":{"src/signature.rs":0.003456647688841563,"CHANGELOG.md":0.002267048251317882,"src/rank.rs":0.022444311590360158,"tests/fixtures/sample.ts":0.002267048251317882,"src/parser/format.rs":0.03326862509097164,"python/README.md":0.002267048251317882,"python/Cargo.toml":0.002267048251317882,"worked/sigil-self/duplicates.md":0.002267048251317882,"tests/fixtures/sample.go":0.002267048251317882,"src/install/gemini.rs":0.01681063684399178,"dist-workspace.toml":0.002267048251317882,"src/main.rs":0.0090295656729331,"agent-adoption-plan.md":0.002267048251317882,"tests/rank_live_smoke.rs":0.0090295656729331,"evals/README.md":0.002267048251317882,"src/parser/mod.rs":0.002267048251317882,"evals/results/0.2.4-HEAD-3..HEAD-o200k.json":0.0034662473097922747,"src/json_index.rs":0.006802592553053256,"src/parser/cpp.rs":0.005321648860349657,"src/diff_json.rs":0.04146937823824593,"python/src/lib.rs":0.004417283914508954,"worked/sigil-self/blast-Entity.md":0.002267048251317882,"src/grouping.rs":0.02271495514883388,"tests/fixtures/sample.yaml":0.002267048251317882,"src/install/githook.rs":0.008186923821894464,"src/parser/go.rs":0.004758103945751807,"src/install/opencode.rs":0.01566048357261554,"src/review.rs":0.011133000541389116,"src/parser/treesitter.rs":0.009133760012875764,"blog-agent-adoption.md":0.002267048251317882,"src/install/aider.rs":0.0141546980777695,"src/output.rs":0.03724018003442491,"worked/sigil-self/SIGIL_MAP.md":0.002267048251317882,"src/markdown_formatter.rs":0.014742377884812948,"src/parser/metadata.rs":0.004213048544538361,"src/benchmark.rs":0.012227129745334561,"tests/integration.rs":0.014244806410934584,"worked/sigil-self/review-HEAD~3..HEAD.md":0.002267048251317882,"src/parser/java.rs":0.004900777605784215,"tests/markdown_integration.rs":0.01582924959899269,"tests/fixtures/sample.rs":0.004194039144609247,"python/pyproject.toml":0.002267048251317882,"src/cochange.rs":0.01919448332074864,"src/install/codex.rs":0.01683493224162439,"src/parser/ruby.rs":0.0045799207156001645,"src/git.rs":0.008234986684678524,"src/change_detail.rs":0.029595696406966326,"README.md":0.002267048251317882,"src/diff.rs":0.009703551071399676,"src/duplicates.rs":0.01107298451680285,"src/context.rs":0.011763623275747046,"src/index.rs":0.005892895361847447,"src/query/index.rs":0.021064843757129317,"tests/fixtures/sample.py":0.002267048251317882,"src/blast.rs":0.012743546262564269,"src/parser/c_lang.rs":0.005034878825917056,"src/cache.rs":0.020738143415084766,"src/classifier.rs":0.007461145398513624,"src/parser/python.rs":0.006818645189843035,"src/parser/typescript.rs":0.005107221836419289,"src/inline_diff.rs":0.032443042172690936,"worked/sigil-self/notes.md":0.002267048251317882,"skills/sigil/SKILL.md":0.002267048251317882,"src/parser/helpers.rs":0.0361937096765601,"src/matcher.rs":0.009029776186505576,"src/yaml_index.rs":0.008524978955561355,"src/markdown_index.rs":0.004830411106980747,"src/parser/markdown.rs":0.016339833870235403,"tests/fixtures/sample.md":0.002267048251317882,"src/community.rs":0.009510325100401442,"codesight-analysis.md":0.002267048251317882,"src/query/duckdb_backend.rs":0.020011444916179014,"src/hasher.rs":0.003456647688841563,"src/map.rs":0.019049332415737825,"src/formatter.rs":0.009763945362724548,"src/tokens.rs":0.008599196055333528,"src/toml_index.rs":0.008789962562792377,"src/install/cursor.rs":0.01400516823049718,"src/meta.rs":0.003456647688841563,"src/parser/javascript.rs":0.004768153534656138,"src/parser/csharp.rs":0.0048948136890101706,"Cargo.toml":0.002267048251317882,"src/query/mod.rs":0.011138576887126057,"tests/fixtures/sample.toml":0.002267048251317882,"src/parser/languages.rs":0.0044044871455147265,"worked/sigil-self/context-Entity.md":0.002267048251317882,"worked/README.md":0.002267048251317882,"src/install/copilot.rs":0.008985874964304304,"tests/fixtures/sample_v2.md":0.002267048251317882,"ARCHITECTURE.md":0.002267048251317882,"src/writer.rs":0.007092011961784009,"src/parser/rust_lang.rs":0.004637324369230403,"tests/fixtures/sample.json":0.002267048251317882,"tests/diff_integration.rs":0.014207554441730075,"src/entity.rs":0.06832325344604553,"src/parser/sfc.rs":0.003456647688841563,"grouping-implementation-plan.md":0.002267048251317882,"CLAUDE.md":0.002267048251317882,"src/install/mod.rs":0.015015725951399522,"src/install/claude.rs":0.016864757236530265,"src/lib.rs":0.017236365095660403}}