{"version":"1","sigil_version":"0.2.4","damping":0.85,"iterations_max":50,"transitive_depth":3,"file_count":76,"file_rank":{"src/markdown_formatter.rs":0.018684148196855634,"tests/fixtures/sample.yaml":0.002967594347518511,"src/parser/typescript.rs":0.006851542809263721,"src/parser/sfc.rs":0.004587012883566025,"src/json_index.rs":0.009049672852545428,"skills/sigil/SKILL.md":0.002967594347518511,"src/parser/python.rs":0.010234826850692623,"tests/fixtures/sample.json":0.002967594347518511,"src/output.rs":0.047110516077232704,"src/parser/rust_lang.rs":0.006221465553443958,"CHANGELOG.md":0.002967594347518511,"src/review.rs":0.015416620231416997,"python/Cargo.toml":0.002967594347518511,"python/README.md":0.002967594347518511,"src/parser/ruby.rs":0.006151039155735059,"python/pyproject.toml":0.002967594347518511,"src/inline_diff.rs":0.03945692825482919,"src/signature.rs":0.004587012883566025,"tests/rank_live_smoke.rs":0.008411330326997568,"tests/fixtures/sample.toml":0.002967594347518511,"src/formatter.rs":0.01254891303685164,"CLAUDE.md":0.002967594347518511,"src/parser/markdown.rs":0.020169487995858486,"src/context.rs":0.01593631211394442,"src/parser/java.rs":0.006574493672037987,"ARCHITECTURE.md":0.002967594347518511,"tests/markdown_integration.rs":0.021050069157582445,"src/parser/helpers.rs":0.04752865690338002,"src/toml_index.rs":0.011692274805017389,"agent-adoption-plan.md":0.002967594347518511,"src/map.rs":0.02829938317298163,"src/query/index.rs":0.025612693538160737,"src/diff.rs":0.013972267065694545,"src/parser/javascript.rs":0.0063966097748444405,"src/main.rs":0.008411330326997566,"src/lib.rs":0.02105775053458695,"src/writer.rs":0.01010438845793806,"codesight-analysis.md":0.002967594347518511,"src/cache.rs":0.026279658008561357,"src/matcher.rs":0.011696656422878864,"src/parser/languages.rs":0.00428858264526078,"tests/fixtures/sample.md":0.002967594347518511,"src/parser/csharp.rs":0.006562859924819224,"src/parser/go.rs":0.006383480643559947,"tests/fixtures/sample.ts":0.002967594347518511,"python/src/lib.rs":0.006094409431203132,"src/diff_json.rs":0.05313872153129082,"src/yaml_index.rs":0.01134306229778474,"src/classifier.rs":0.00969644129215042,"src/rank.rs":0.035032561294155336,"src/meta.rs":0.004587012883566025,"Cargo.toml":0.002967594347518511,"src/hasher.rs":0.004587012883566025,"README.md":0.002967594347518511,"src/change_detail.rs":0.036011949968874496,"src/git.rs":0.011395731355244803,"tests/fixtures/sample.py":0.002967594347518511,"tests/diff_integration.rs":0.014390009381149926,"tests/fixtures/sample.rs":0.005490049263541422,"src/entity.rs":0.07825582245949582,"src/parser/c_lang.rs":0.00675236332036869,"src/markdown_index.rs":0.006425572930166836,"src/parser/metadata.rs":0.005519108197722795,"src/index.rs":0.006516411985396508,"tests/integration.rs":0.01894294529186831,"grouping-implementation-plan.md":0.002967594347518511,"tests/fixtures/sample.go":0.002967594347518511,"src/parser/cpp.rs":0.007138321579593003,"src/parser/mod.rs":0.002967594347518511,"tests/fixtures/sample_v2.md":0.002967594347518511,"dist-workspace.toml":0.002967594347518511,"src/grouping.rs":0.027768747911818704,"src/parser/treesitter.rs":0.010848712068885803,"src/cochange.rs":0.032138384444524395,"src/parser/format.rs":0.04428370289720069,"src/query/mod.rs":0.017027885407922192}}