{"version":"1","sigil_version":"0.2.4","damping":0.85,"iterations_max":50,"transitive_depth":3,"file_count":100,"file_rank":{"evals/README.md":0.002320865543101628,"src/cochange.rs":0.02486841900396804,"src/parser/go.rs":0.00487659989130744,"tests/fixtures/sample.toml":0.002320865543101628,"worked/sigil-self/SIGIL_MAP.md":0.002320865543101628,"src/classifier.rs":0.007570182920145091,"python/Cargo.toml":0.002320865543101628,"tests/integration.rs":0.0151984644339182,"src/install/copilot.rs":0.008943371246216764,"tests/fixtures/sample.rs":0.0042936010891959815,"skills/sigil/SKILL.md":0.002320865543101628,"src/install/opencode.rs":0.014993809781037294,"tests/fixtures/sample.py":0.002320865543101628,"codesight-analysis.md":0.002320865543101628,"src/install/aider.rs":0.013559918722053853,"worked/README.md":0.002320865543101628,"src/parser/cpp.rs":0.005454196909747144,"src/parser/typescript.rs":0.005234419401444662,"src/community.rs":0.009530961114304605,"tests/fixtures/sample.json":0.002320865543101628,"worked/sigil-self/blast-Entity.md":0.002320865543101628,"tests/fixtures/sample.ts":0.002320865543101628,"src/parser/mod.rs":0.002320865543101628,"src/toml_index.rs":0.009054270194581354,"src/install/mod.rs":0.014646554813625694,"src/parser/csharp.rs":0.005016770676754537,"src/diff.rs":0.009789010455765558,"src/duplicates.rs":0.010795573775372894,"src/lib.rs":0.019115711528966,"src/parser/ruby.rs":0.0046938901062923526,"src/meta.rs":0.0035415265803147122,"src/matcher.rs":0.009141170705684088,"src/index.rs":0.006136907668573921,"tests/markdown_integration.rs":0.016889098512349873,"worked/sigil-self/review-HEAD~3..HEAD.md":0.002320865543101628,"src/parser/languages.rs":0.004504545812334137,"src/parser/rust_lang.rs":0.00475280993872737,"src/signature.rs":0.003541526580314712,"src/parser/treesitter.rs":0.009348494901754807,"evals/results/0.2.4-HEAD-3..HEAD-o200k.json":0.003537154868935052,"src/json_index.rs":0.007007406650874896,"src/review.rs":0.011280799066083824,"src/install/codex.rs":0.016116124126237544,"CHANGELOG.md":0.002320865543101628,"src/output.rs":0.03708207035082884,"src/entity.rs":0.0666736735183904,"tests/fixtures/sample.md":0.002320865543101628,"tests/fixtures/sample.go":0.002320865543101628,"src/query/mod.rs":0.012865074738104018,"src/install/gemini.rs":0.01611751994312591,"src/hasher.rs":0.003541526580314712,"src/yaml_index.rs":0.00878221351720665,"Cargo.toml":0.002320865543101628,"src/blast.rs":0.012543894527613474,"CLAUDE.md":0.002320865543101628,"src/grouping.rs":0.022559897340280844,"src/parser/helpers.rs":0.03705996202271115,"python/pyproject.toml":0.002320865543101628,"src/parser/metadata.rs":0.004316760172496436,"src/install/cursor.rs":0.01342086630270937,"src/markdown_index.rs":0.004975721815251269,"python/README.md":0.002320865543101628,"src/parser/java.rs":0.005022831466459401,"src/map.rs":0.019120000989625314,"worked/sigil-self/notes.md":0.002320865543101628,"worked/sigil-self/duplicates.md":0.002320865543101628,"src/inline_diff.rs":0.03214142097725181,"src/main.rs":0.009131492718057308,"src/install/githook.rs":0.008212122746142678,"src/diff_json.rs":0.04128899606616742,"src/change_detail.rs":0.029321259732124526,"src/parser/sfc.rs":0.003541526580314712,"python/src/lib.rs":0.004520882761842028,"tests/rank_live_smoke.rs":0.009131492718057308,"tests/fixtures/sample.yaml":0.002320865543101628,"src/writer.rs":0.007268270862763394,"README.md":0.002320865543101628,"src/parser/markdown.rs":0.016727550436199723,"tests/diff_integration.rs":0.01461041007455069,"src/parser/javascript.rs":0.004886903221991052,"src/parser/c_lang.rs":0.0051602999446760224,"src/cache.rs":0.02061203324464639,"tests/fixtures/sample_v2.md":0.002320865543101628,"src/install/claude.rs":0.016139413064218427,"src/tokens.rs":0.008770763564677488,"src/benchmark.rs":0.012401384484818817,"ARCHITECTURE.md":0.002320865543101628,"src/markdown_formatter.rs":0.014793877620936455,"blog-agent-adoption.md":0.002320865543101628,"dist-workspace.toml":0.002320865543101628,"agent-adoption-plan.md":0.002320865543101628,"worked/sigil-self/context-Entity.md":0.002320865543101628,"src/context.rs":0.011920598145538005,"src/git.rs":0.008645475608541852,"src/parser/python.rs":0.006974131784133032,"grouping-implementation-plan.md":0.002320865543101628,"src/formatter.rs":0.009838246447643615,"src/rank.rs":0.028157506465096578,"src/query/index.rs":0.021548601925839954,"src/parser/format.rs":0.0347932022056184}}