{"version":"1","sigil_version":"0.2.4","damping":0.85,"iterations_max":50,"transitive_depth":3,"file_count":98,"file_rank":{"src/change_detail.rs":0.02919540719341779,"tests/diff_integration.rs":0.015059627652347831,"tests/fixtures/sample.ts":0.0024055734286655235,"blog-agent-adoption.md":0.0024055734286655235,"CLAUDE.md":0.0024055734286655235,"tests/fixtures/sample.py":0.0024055734286655235,"README.md":0.0024055734286655235,"src/index.rs":0.0062703984265147636,"evals/README.md":0.0024055734286655235,"src/benchmark.rs":0.012919369731323672,"src/parser/python.rs":0.007144555644939751,"src/install/cursor.rs":0.01382328319527095,"src/map.rs":0.020811789925748014,"src/install/aider.rs":0.013967295405819641,"src/output.rs":0.03732148465915876,"src/diff_json.rs":0.04168615515199967,"ARCHITECTURE.md":0.0024055734286655235,"src/parser/helpers.rs":0.036898991907137704,"src/meta.rs":0.0036133202427400305,"src/git.rs":0.008862341937070398,"worked/sigil-self/duplicates.md":0.0024055734286655235,"skills/sigil/SKILL.md":0.0024055734286655235,"python/Cargo.toml":0.0024055734286655235,"src/inline_diff.rs":0.03200181511407452,"src/query/index.rs":0.023885908306650952,"src/parser/go.rs":0.004969954168269374,"src/signature.rs":0.0036133202427400305,"src/parser/rust_lang.rs":0.004843793238292674,"src/diff.rs":0.01021275086166807,"src/install/claude.rs":0.01662451589881915,"dist-workspace.toml":0.0024055734286655235,"Cargo.toml":0.0024055734286655235,"tests/fixtures/sample.json":0.0024055734286655235,"src/parser/ruby.rs":0.004783969391226832,"src/parser/sfc.rs":0.00361332024274003,"evals/results/0.2.4-HEAD-3..HEAD.json":0.004343478310009466,"src/writer.rs":0.0075443817835170865,"src/cache.rs":0.02081325413718343,"worked/sigil-self/context-Entity.md":0.0024055734286655235,"src/parser/markdown.rs":0.01574598227068856,"src/query/mod.rs":0.013122334915052785,"tests/fixtures/sample.toml":0.0024055734286655235,"src/parser/java.rs":0.00511897113640075,"src/parser/treesitter.rs":0.00853499542204177,"src/rank.rs":0.02824578039434919,"src/parser/languages.rs":0.003441882752799291,"src/cochange.rs":0.02505855816675928,"src/markdown_index.rs":0.005065045015550231,"tests/rank_live_smoke.rs":0.009429173450925983,"python/README.md":0.0024055734286655235,"agent-adoption-plan.md":0.0024055734286655235,"src/parser/csharp.rs":0.005112674424407456,"tests/integration.rs":0.015637487269259485,"src/install/codex.rs":0.016600486934270298,"src/formatter.rs":0.009941955760719249,"src/json_index.rs":0.007133429694476279,"src/matcher.rs":0.009191358093180271,"src/parser/typescript.rs":0.005334615631984853,"tests/fixtures/sample.rs":0.004450310645388381,"src/markdown_formatter.rs":0.014891341652847567,"src/parser/format.rs":0.03446615159902232,"worked/sigil-self/review-HEAD~3..HEAD.md":0.0024055734286655235,"src/toml_index.rs":0.009216659587791139,"CHANGELOG.md":0.0024055734286655235,"src/main.rs":0.009429173450925985,"src/install/opencode.rs":0.015444454617030248,"python/src/lib.rs":0.004679033531788265,"src/context.rs":0.012842228380565215,"src/install/gemini.rs":0.016601873090421645,"src/yaml_index.rs":0.008940885807051966,"src/grouping.rs":0.022481528057464038,"src/parser/cpp.rs":0.005558568633586015,"tests/fixtures/sample.yaml":0.0024055734286655235,"tests/fixtures/sample.go":0.0024055734286655235,"codesight-analysis.md":0.0024055734286655235,"src/install/mod.rs":0.015049770039330527,"tests/markdown_integration.rs":0.017376956634575856,"worked/sigil-self/SIGIL_MAP.md":0.0024055734286655235,"src/parser/c_lang.rs":0.005259002551804374,"src/lib.rs":0.019916905639426934,"src/parser/mod.rs":0.0024055734286655235,"worked/sigil-self/blast-Entity.md":0.0024055734286655235,"worked/README.md":0.0024055734286655235,"src/install/githook.rs":0.00844907929687758,"src/duplicates.rs":0.011931338868671973,"tests/fixtures/sample.md":0.0024055734286655235,"src/hasher.rs":0.0036133202427400305,"src/blast.rs":0.014021284484696755,"src/parser/metadata.rs":0.004329012147274071,"worked/sigil-self/notes.md":0.0024055734286655235,"src/review.rs":0.011884736272494551,"src/parser/javascript.rs":0.004980441637541307,"grouping-implementation-plan.md":0.0024055734286655235,"src/classifier.rs":0.007612922427478064,"src/entity.rs":0.06525914378129191,"tests/fixtures/sample_v2.md":0.0024055734286655235,"src/install/copilot.rs":0.009201886531737456,"python/pyproject.toml":0.0024055734286655235}}