{"version":"1","sigil_version":"0.2.4","damping":0.85,"iterations_max":50,"transitive_depth":3,"file_count":74,"file_rank":{"src/parser/cpp.rs":0.00751618998409557,"src/parser/treesitter.rs":0.011519415755604978,"src/parser/go.rs":0.006721409754839385,"src/main.rs":0.008948082561447428,"tests/fixtures/sample.go":0.0031875772076084604,"src/parser/rust_lang.rs":0.006550810389297457,"src/cache.rs":0.02705707422266305,"tests/markdown_integration.rs":0.021553387660498496,"src/query/index.rs":0.022011878580368436,"CHANGELOG.md":0.0031875772076084604,"README.md":0.0031875772076084604,"src/toml_index.rs":0.01209603467357066,"src/change_detail.rs":0.03666744614760716,"tests/fixtures/sample.md":0.0031875772076084604,"tests/fixtures/sample.ts":0.0031875772076084604,"tests/diff_integration.rs":0.0151129271680926,"tests/integration.rs":0.019639156125734657,"src/signature.rs":0.004823571112006285,"src/query/mod.rs":0.008928711977854371,"tests/fixtures/sample.rs":0.005897017499118935,"src/output.rs":0.04864591856187831,"src/parser/mod.rs":0.0031875772076084604,"src/parser/format.rs":0.045679538927912496,"src/parser/python.rs":0.010800476041686422,"codesight-analysis.md":0.0031875772076084604,"python/pyproject.toml":0.0031875772076084604,"src/parser/markdown.rs":0.021310992159423413,"src/lib.rs":0.02820002111081325,"src/json_index.rs":0.009362222768509556,"src/markdown_formatter.rs":0.019456891145760113,"grouping-implementation-plan.md":0.0031875772076084604,"CLAUDE.md":0.0031875772076084604,"src/parser/helpers.rs":0.050198863649954205,"src/parser/javascript.rs":0.006735221810078122,"tests/rank_live_smoke.rs":0.008948082561447428,"src/writer.rs":0.010691883613209715,"ARCHITECTURE.md":0.0031875772076084604,"src/context.rs":0.018496616797653357,"agent-adoption-plan.md":0.0031875772076084604,"tests/fixtures/sample_v2.md":0.0031875772076084604,"src/parser/metadata.rs":0.005817785603576397,"src/parser/ruby.rs":0.0064768009054055825,"src/diff_json.rs":0.04959501471635695,"src/parser/c_lang.rs":0.00710976780547536,"python/src/lib.rs":0.006521497110031845,"src/matcher.rs":0.013434335286139437,"src/formatter.rs":0.013084156291909494,"src/index.rs":0.006741779745602863,"src/classifier.rs":0.010379735963360219,"tests/fixtures/sample.json":0.0031875772076084604,"python/Cargo.toml":0.0031875772076084604,"src/yaml_index.rs":0.011734915026108173,"src/rank.rs":0.053171702856257004,"src/meta.rs":0.004823571112006285,"src/parser/typescript.rs":0.007214254537087881,"src/parser/java.rs":0.006922524201735755,"python/README.md":0.0031875772076084604,"src/hasher.rs":0.004823571112006285,"src/grouping.rs":0.02882177257599147,"src/parser/sfc.rs":0.004823571112006285,"src/parser/csharp.rs":0.006910208781982351,"dist-workspace.toml":0.0031875772076084604,"tests/fixtures/sample.py":0.0031875772076084604,"src/markdown_index.rs":0.00664747264460597,"tests/fixtures/sample.yaml":0.0031875772076084604,"src/entity.rs":0.0819722762309891,"Cargo.toml":0.0031875772076084604,"src/parser/languages.rs":0.004585784061792012,"tests/fixtures/sample.toml":0.0031875772076084604,"src/git.rs":0.011875769388659895,"src/inline_diff.rs":0.040171208498804185,"src/diff.rs":0.01450988043913836,"src/map.rs":0.028134102664458375,"skills/sigil/SKILL.md":0.0031875772076084604}}