{"version":"1","sigil_version":"0.2.4","damping":0.85,"iterations_max":50,"transitive_depth":3,"file_count":94,"file_rank":{"src/git.rs":0.007667192023989616,"src/install/opencode.rs":0.015355884505610687,"src/parser/ruby.rs":0.004453844574181946,"src/parser/markdown.rs":0.015813323830146223,"src/lib.rs":0.016737892354855927,"src/index.rs":0.005634339406546719,"src/inline_diff.rs":0.03180155625071383,"python/Cargo.toml":0.00222663153983852,"src/query/duckdb_backend.rs":0.022995092494470126,"tests/fixtures/sample.md":0.00222663153983852,"dist-workspace.toml":0.00222663153983852,"src/install/cursor.rs":0.013726529877963982,"src/tokens.rs":0.007981745574048403,"tests/fixtures/sample.go":0.003533314277157136,"src/main.rs":0.008004768972065908,"src/parser/java.rs":0.004765967800855392,"src/signature.rs":0.0033630064878106326,"skills/sigil/SKILL.md":0.00222663153983852,"src/parser/metadata.rs":0.004095216448688887,"tests/markdown_integration.rs":0.01284794772252802,"src/query/mod.rs":0.010967173200013475,"src/parser/format.rs":0.03225295509131753,"evals/compare_rg.py":0.026963015505944772,"src/writer.rs":0.006842452830918443,"src/parser/python.rs":0.006616762020333091,"src/parser/go.rs":0.004627213764177625,"CHANGELOG.md":0.00222663153983852,"Cargo.toml":0.00222663153983852,"python/pyproject.toml":0.00222663153983852,"src/formatter.rs":0.00953489134160508,"src/yaml_index.rs":0.00815972175310958,"src/parser/javascript.rs":0.004636991251409224,"src/install/gemini.rs":0.016483666950201734,"src/parser/treesitter.rs":0.008838386193992064,"evals/bench_multilang.py":0.023767134070232298,"evals/README.md":0.00222663153983852,"src/meta.rs":0.0033630064878106326,"src/matcher.rs":0.0087965902962795,"tests/diff_integration.rs":0.008872590782483132,"src/review.rs":0.010804621598501781,"evals/results/rg-comparison-2026-04-20.md":0.00222663153983852,"src/diff.rs":0.009507770226934479,"tests/fixtures/sample.yaml":0.00222663153983852,"src/grouping.rs":0.022254835691918,"src/parser/csharp.rs":0.004760216753680998,"tests/fixtures/sample.rs":0.005229947900812572,"src/rank.rs":0.021611484538101328,"src/parser/helpers.rs":0.035148600110369674,"src/parser/cpp.rs":0.005175272753295765,"README.md":0.00222663153983852,"src/benchmark.rs":0.012253693791493691,"src/install/githook.rs":0.007957573400140396,"src/markdown_formatter.rs":0.014410008078708497,"tests/fixtures/sample.toml":0.00222663153983852,"python/README.md":0.00222663153983852,"src/entity.rs":0.06720547971140894,"src/community.rs":0.009219707306270518,"src/duplicates.rs":0.010778998442297487,"CLAUDE.md":0.00222663153983852,"src/blast.rs":0.012358240626473298,"src/json_index.rs":0.006511131380023514,"evals/results/multilang-with-db-2026-04-20.md":0.00222663153983852,"tests/rank_live_smoke.rs":0.0054962072300436295,"src/context.rs":0.011339281342239809,"src/hasher.rs":0.0033630064878106326,"src/parser/rust_lang.rs":0.004509755789792457,"src/install/aider.rs":0.013879387002567094,"src/install/claude.rs":0.0165367346850295,"evals/results/multilang-2026-04-20.md":0.00222663153983852,"src/map.rs":0.018103379570128034,"evals/results/0.2.4-HEAD-3..HEAD-o200k.json":0.003268195586183466,"src/parser/mod.rs":0.00222663153983852,"tests/integration.rs":0.011561891626957652,"src/parser/sfc.rs":0.0033630064878106326,"tests/fixtures/sample.ts":0.00222663153983852,"src/classifier.rs":0.007264011391098107,"src/cochange.rs":0.01761870087908502,"src/markdown_index.rs":0.004623448422912331,"src/cache.rs":0.020337264292759488,"src/install/codex.rs":0.016507489795140204,"src/install/mod.rs":0.014689916963207131,"tests/fixtures/sample.py":0.0043101011133032585,"src/diff_json.rs":0.04058485415109945,"src/parser/c_lang.rs":0.004896407151121565,"src/change_detail.rs":0.029010508088522055,"tests/fixtures/sample.json":0.00222663153983852,"src/output.rs":0.0364557665519639,"python/src/lib.rs":0.004344937718023922,"src/query/index.rs":0.02234819364516459,"tests/fixtures/sample_v2.md":0.00222663153983852,"src/install/copilot.rs":0.008739068885575255,"src/toml_index.rs":0.008413352063334515,"src/parser/languages.rs":0.004248012963489372,"src/parser/typescript.rs":0.004966732866974486}}