{"version":"1","sigil_version":"0.3.1","damping":0.85,"iterations_max":50,"transitive_depth":3,"file_count":94,"file_rank":{"Cargo.toml":0.00222663153983852,"python/pyproject.toml":0.00222663153983852,"tests/fixtures/sample.py":0.004310101113303259,"src/diff_json.rs":0.04058485415109942,"python/README.md":0.00222663153983852,"src/parser/cpp.rs":0.005175272753295765,"skills/sigil/SKILL.md":0.00222663153983852,"src/rank.rs":0.02161148453810133,"src/install/cursor.rs":0.013726529877963982,"src/grouping.rs":0.02225483569191799,"src/parser/metadata.rs":0.004095216448688886,"src/blast.rs":0.0123582406264733,"tests/fixtures/sample_v2.md":0.00222663153983852,"src/meta.rs":0.003363006487810632,"evals/results/multilang-2026-04-20.md":0.00222663153983852,"src/markdown_index.rs":0.0046234484229123315,"src/context.rs":0.011339281342239809,"src/install/gemini.rs":0.01648366695020173,"src/parser/helpers.rs":0.03514860011036967,"src/json_index.rs":0.0065111313800235125,"src/change_detail.rs":0.02901050808852204,"src/query/duckdb_backend.rs":0.022995092494470123,"src/entity.rs":0.06720547971140892,"src/matcher.rs":0.0087965902962795,"src/cochange.rs":0.017618700879085018,"tests/rank_live_smoke.rs":0.005496207230043629,"src/review.rs":0.010804621598501781,"src/classifier.rs":0.0072640113910981,"src/toml_index.rs":0.008413352063334519,"src/query/mod.rs":0.010967173200013471,"src/parser/format.rs":0.03225295509131753,"evals/README.md":0.00222663153983852,"src/install/copilot.rs":0.008739068885575255,"CLAUDE.md":0.00222663153983852,"src/query/index.rs":0.022348193645164587,"src/git.rs":0.007667192023989617,"src/install/mod.rs":0.014689916963207131,"tests/fixtures/sample.yaml":0.00222663153983852,"dist-workspace.toml":0.00222663153983852,"src/inline_diff.rs":0.031801556250713806,"src/map.rs":0.01810337957012803,"CHANGELOG.md":0.00222663153983852,"src/hasher.rs":0.003363006487810632,"src/lib.rs":0.01673789235485592,"src/parser/languages.rs":0.004248012963489372,"src/install/githook.rs":0.007957573400140396,"src/duplicates.rs":0.010778998442297485,"src/parser/javascript.rs":0.004636991251409226,"src/signature.rs":0.003363006487810632,"src/tokens.rs":0.007981745574048401,"tests/markdown_integration.rs":0.012847947722528019,"src/benchmark.rs":0.01225369379149369,"evals/results/0.2.4-HEAD-3..HEAD-o200k.json":0.003268195586183466,"tests/fixtures/sample.go":0.0035333142771571367,"src/markdown_formatter.rs":0.014410008078708491,"src/parser/markdown.rs":0.015813323830146223,"tests/fixtures/sample.json":0.00222663153983852,"src/install/opencode.rs":0.015355884505610687,"tests/fixtures/sample.toml":0.00222663153983852,"src/diff.rs":0.009507770226934472,"evals/bench_multilang.py":0.023767134070232305,"tests/diff_integration.rs":0.00887259078248313,"src/parser/go.rs":0.004627213764177627,"src/parser/mod.rs":0.00222663153983852,"tests/fixtures/sample.ts":0.00222663153983852,"tests/fixtures/sample.md":0.00222663153983852,"src/install/claude.rs":0.016536734685029492,"src/parser/c_lang.rs":0.004896407151121568,"src/yaml_index.rs":0.008159721753109582,"src/main.rs":0.008004768972065911,"src/parser/ruby.rs":0.004453844574181945,"evals/compare_rg.py":0.026963015505944776,"src/writer.rs":0.006842452830918446,"src/index.rs":0.005634339406546719,"python/src/lib.rs":0.004344937718023922,"src/parser/typescript.rs":0.004966732866974487,"tests/fixtures/sample.rs":0.0052299479008125725,"python/Cargo.toml":0.00222663153983852,"src/cache.rs":0.020337264292759474,"src/output.rs":0.03645576655196388,"src/parser/python.rs":0.006616762020333095,"tests/integration.rs":0.011561891626957652,"src/parser/java.rs":0.004765967800855392,"src/install/codex.rs":0.0165074897951402,"evals/results/multilang-with-db-2026-04-20.md":0.00222663153983852,"src/community.rs":0.009219707306270515,"src/parser/treesitter.rs":0.008838386193992066,"src/formatter.rs":0.009534891341605076,"src/parser/rust_lang.rs":0.004509755789792457,"src/parser/csharp.rs":0.004760216753680996,"README.md":0.00222663153983852,"src/install/aider.rs":0.013879387002567092,"evals/results/rg-comparison-2026-04-20.md":0.00222663153983852,"src/parser/sfc.rs":0.003363006487810632}}