{"version":"1","sigil_version":"0.2.4","damping":0.85,"iterations_max":50,"transitive_depth":3,"file_count":88,"file_rank":{"src/parser/c_lang.rs":0.005367832302863627,"src/query/index.rs":0.025316457889392564,"src/lib.rs":0.02046902292779355,"README.md":0.0024410142963683587,"src/json_index.rs":0.0072986344599880295,"src/entity.rs":0.06756069244139455,"dist-workspace.toml":0.0024410142963683587,"src/classifier.rs":0.007797164326428834,"tests/rank_live_smoke.rs":0.00961047519730846,"src/output.rs":0.03842698509334701,"src/install/githook.rs":0.008668799829786118,"src/install/aider.rs":0.014336408254270941,"src/meta.rs":0.0036855809985641363,"tests/fixtures/sample.yaml":0.0024410142963683587,"src/parser/helpers.rs":0.037719712898515376,"src/diff_json.rs":0.04298249932293308,"src/index.rs":0.006000624333544965,"src/parser/markdown.rs":0.016078546520392253,"python/README.md":0.0024410142963683587,"src/install/cursor.rs":0.014188277128775937,"tests/integration.rs":0.015919300758019637,"src/change_detail.rs":0.030098604686991184,"src/blast.rs":0.014662153499584194,"src/formatter.rs":0.010195182061044358,"src/parser/javascript.rs":0.005083608955089506,"src/diff.rs":0.010495788925412333,"tests/fixtures/sample.py":0.0024410142963683587,"src/install/opencode.rs":0.015852604164224553,"src/duplicates.rs":0.01242561374693984,"src/yaml_index.rs":0.00914795001928181,"src/review.rs":0.011853751209702982,"src/parser/sfc.rs":0.0036855809985641363,"tests/diff_integration.rs":0.01535242263631647,"src/parser/typescript.rs":0.005445118373002067,"src/matcher.rs":0.009421561795634619,"tests/fixtures/sample.rs":0.004515876301002086,"python/pyproject.toml":0.0024410142963683587,"python/src/lib.rs":0.004783222047492559,"skills/sigil/SKILL.md":0.0024410142963683587,"src/benchmark.rs":0.013291518441073414,"src/parser/go.rs":0.00507292117847044,"CHANGELOG.md":0.0024410142963683587,"Cargo.toml":0.0024410142963683587,"tests/fixtures/sample.go":0.0024410142963683587,"src/markdown_index.rs":0.0051823473924023705,"src/grouping.rs":0.023155314769911766,"src/git.rs":0.00906210356263372,"src/parser/format.rs":0.03520087866227632,"src/cochange.rs":0.02562900022920863,"src/signature.rs":0.0036855809985641363,"tests/markdown_integration.rs":0.017689990972397544,"src/install/codex.rs":0.01703918680872919,"codesight-analysis.md":0.0024410142963683587,"src/toml_index.rs":0.00943011052832543,"python/Cargo.toml":0.0024410142963683587,"tests/fixtures/sample_v2.md":0.0024410142963683587,"src/parser/ruby.rs":0.00488342534614459,"src/install/copilot.rs":0.00944141932748366,"tests/fixtures/sample.md":0.0024410142963683587,"src/context.rs":0.013403132503985367,"src/parser/cpp.rs":0.0056736665230446605,"src/install/claude.rs":0.017063850783920764,"src/parser/languages.rs":0.0034976402124254342,"src/parser/rust_lang.rs":0.004944149859539863,"src/main.rs":0.00961047519730846,"CLAUDE.md":0.0024410142963683587,"src/cache.rs":0.02146072438720424,"src/parser/metadata.rs":0.004414697366470902,"src/markdown_formatter.rs":0.015289362886735287,"src/parser/mod.rs":0.0024410142963683587,"tests/fixtures/sample.toml":0.0024410142963683587,"src/hasher.rs":0.0036855809985641363,"src/query/mod.rs":0.013440252828015442,"agent-adoption-plan.md":0.0024410142963683587,"src/rank.rs":0.02917393077713457,"src/parser/treesitter.rs":0.008694172260513363,"src/writer.rs":0.007788319925609913,"src/install/gemini.rs":0.01704060959666773,"tests/fixtures/sample.ts":0.0024410142963683587,"tests/fixtures/sample.json":0.0024410142963683587,"src/parser/python.rs":0.007348512813872059,"src/inline_diff.rs":0.032991833035819346,"src/parser/java.rs":0.005225005469498969,"src/install/mod.rs":0.015423641675583924,"src/map.rs":0.021699886559399393,"src/parser/csharp.rs":0.005218387497361353,"grouping-implementation-plan.md":0.0024410142963683587,"ARCHITECTURE.md":0.0024410142963683587}}