{"version":"1","sigil_version":"0.2.4","damping":0.85,"iterations_max":50,"transitive_depth":3,"file_count":101,"file_rank":{"tests/fixtures/sample.py":0.002265488815382518,"src/install/codex.rs":0.017390679135704176,"src/review.rs":0.011067554930467956,"python/pyproject.toml":0.002265488815382518,"ARCHITECTURE.md":0.002265488815382518,"src/parser/c_lang.rs":0.005048114013074478,"src/classifier.rs":0.007414580594740198,"src/writer.rs":0.00709014460640222,"src/index.rs":0.006077876740143077,"tests/fixtures/sample.json":0.002265488815382518,"src/parser/metadata.rs":0.004221869246758065,"src/community.rs":0.008899376984096374,"tests/fixtures/sample.go":0.002265488815382518,"src/parser/javascript.rs":0.004780672952756922,"worked/sigil-self/notes.md":0.002265488815382518,"worked/sigil-self/blast-Entity.md":0.002265488815382518,"src/output.rs":0.037054807910492225,"src/markdown_index.rs":0.00483756840693234,"tests/fixtures/sample.md":0.002265488815382518,"tests/fixtures/sample.rs":0.004191154162010931,"CHANGELOG.md":0.002265488815382518,"src/matcher.rs":0.00897629393653217,"src/install/githook.rs":0.008561770497540946,"worked/sigil-self/review-HEAD~3..HEAD.md":0.002265488815382518,"src/git.rs":0.008283118118485082,"src/cochange.rs":0.019434216170079618,"src/parser/ruby.rs":0.004591894492087439,"src/parser/java.rs":0.0049136456027736,"src/parser/sfc.rs":0.0034649281025850498,"src/install/copilot.rs":0.009389954076094454,"tests/fixtures/sample_v2.md":0.002265488815382518,"src/meta.rs":0.0034649281025850498,"src/parser/rust_lang.rs":0.004649497432406573,"src/tokens.rs":0.008580507716372768,"tests/markdown_integration.rs":0.015889328946547442,"worked/sigil-self/context-Entity.md":0.002265488815382518,"tests/integration.rs":0.014298770776976433,"Cargo.toml":0.002265488815382518,"src/parser/languages.rs":0.004401355088471745,"src/signature.rs":0.0034649281025850498,"python/src/lib.rs":0.0044370651017424404,"src/parser/typescript.rs":0.005120631659091909,"src/parser/helpers.rs":0.036254343118676945,"src/inline_diff.rs":0.03231129674629324,"src/yaml_index.rs":0.008537610133194498,"codesight-analysis.md":0.002265488815382518,"src/benchmark.rs":0.012136404084981841,"src/rank.rs":0.021806444880292777,"src/install/aider.rs":0.014621966089924608,"src/parser/csharp.rs":0.0049076934032010085,"src/context.rs":0.01150327261830755,"src/parser/python.rs":0.006828520450216464,"src/cache.rs":0.02065955098247349,"python/Cargo.toml":0.002265488815382518,"src/install/cursor.rs":0.014476801570350629,"src/hasher.rs":0.0034649281025850498,"evals/results/0.2.4-HEAD-3..HEAD-o200k.json":0.0034557896960857723,"src/install/opencode.rs":0.01617746001553511,"dist-workspace.toml":0.002265488815382518,"src/install/claude.rs":0.0174214887018257,"src/main.rs":0.009124244860106451,"src/parser/markdown.rs":0.016361945275385103,"src/blast.rs":0.011971346113344664,"src/query/duckdb_backend.rs":0.02067910795600348,"src/entity.rs":0.06795054198072488,"agent-adoption-plan.md":0.002265488815382518,"grouping-implementation-plan.md":0.002265488815382518,"src/diff.rs":0.009634625020537435,"src/toml_index.rs":0.008802986344734327,"skills/sigil/SKILL.md":0.002265488815382518,"src/map.rs":0.01820091180917734,"src/parser/format.rs":0.03348553605614776,"README.md":0.002265488815382518,"tests/fixtures/sample.ts":0.002265488815382518,"src/formatter.rs":0.009749818849448384,"src/parser/treesitter.rs":0.009139164848223543,"tests/fixtures/sample.toml":0.002265488815382518,"src/change_detail.rs":0.02947551412353755,"src/lib.rs":0.017111195558746208,"src/markdown_formatter.rs":0.014713377827704766,"tests/rank_live_smoke.rs":0.009124244860106451,"src/duplicates.rs":0.010288964850646756,"tests/fixtures/sample.yaml":0.002265488815382518,"tests/diff_integration.rs":0.014346802092423732,"src/parser/go.rs":0.0047705945495492875,"evals/README.md":0.002265488815382518,"src/diff_json.rs":0.041215393899470446,"python/README.md":0.002265488815382518,"src/query/index.rs":0.02029449454078858,"src/grouping.rs":0.022640665632629477,"src/json_index.rs":0.0068126718339454355,"src/parser/mod.rs":0.002265488815382518,"src/parser/cpp.rs":0.005335627974660285,"CLAUDE.md":0.002265488815382518,"worked/README.md":0.002265488815382518,"src/install/gemini.rs":0.01736558170780278,"blog-agent-adoption.md":0.002265488815382518,"worked/sigil-self/SIGIL_MAP.md":0.002265488815382518,"src/install/mod.rs":0.0154149950205547,"worked/sigil-self/duplicates.md":0.002265488815382518,"src/query/mod.rs":0.011198688936260786}}