{"version":"1","sigil_version":"0.2.4","damping":0.85,"iterations_max":50,"transitive_depth":3,"file_count":98,"file_rank":{"src/install/copilot.rs":0.009212625846212501,"src/parser/go.rs":0.0049733778708842095,"src/classifier.rs":0.0076184338487601914,"src/writer.rs":0.007550254138296876,"worked/sigil-self/review-HEAD~3..HEAD.md":0.002405750219314737,"tests/fixtures/sample_v2.md":0.002405750219314737,"src/main.rs":0.009432161238128034,"src/diff.rs":0.01022151841070318,"src/install/gemini.rs":0.016613386742352264,"src/install/githook.rs":0.008459198360120341,"src/query/mod.rs":0.013130745845238453,"tests/fixtures/sample.go":0.002405750219314737,"README.md":0.002405750219314737,"tests/fixtures/sample.toml":0.002405750219314737,"src/json_index.rs":0.007142499241197629,"src/rank.rs":0.028265001244260405,"grouping-implementation-plan.md":0.002405750219314737,"src/map.rs":0.02083172547198258,"worked/sigil-self/SIGIL_MAP.md":0.002405750219314737,"blog-agent-adoption.md":0.002405750219314737,"src/parser/typescript.rs":0.0053382905264338695,"codesight-analysis.md":0.002405750219314737,"tests/fixtures/sample.py":0.002405750219314737,"tests/fixtures/sample.yaml":0.002405750219314737,"skills/sigil/SKILL.md":0.002405750219314737,"agent-adoption-plan.md":0.002405750219314737,"Cargo.toml":0.002405750219314737,"worked/sigil-self/duplicates.md":0.002405750219314737,"src/meta.rs":0.003614926674563579,"src/formatter.rs":0.009951174299270359,"src/output.rs":0.03736877333660356,"src/parser/languages.rs":0.0034425190034689944,"ARCHITECTURE.md":0.002405750219314737,"worked/sigil-self/context-Entity.md":0.002405750219314737,"CLAUDE.md":0.002405750219314737,"dist-workspace.toml":0.002405750219314737,"worked/sigil-self/blast-Entity.md":0.002405750219314737,"worked/sigil-self/notes.md":0.002405750219314737,"src/yaml_index.rs":0.008952253384352406,"tests/fixtures/sample.json":0.002405750219314737,"src/parser/javascript.rs":0.004983872549976958,"src/parser/ruby.rs":0.004787265271556055,"src/index.rs":0.005870197754257477,"tests/fixtures/sample.md":0.002405750219314737,"src/install/mod.rs":0.015059724493699252,"src/hasher.rs":0.003614926674563579,"tests/diff_integration.rs":0.015064652633012286,"tests/fixtures/sample.ts":0.002405750219314737,"src/parser/treesitter.rs":0.008538479374022289,"src/install/aider.rs":0.013976981940506592,"src/parser/metadata.rs":0.00433091279608743,"src/git.rs":0.008866797545244736,"src/parser/cpp.rs":0.005562397766160374,"src/install/codex.rs":0.01661199962488175,"tests/markdown_integration.rs":0.017381584579594524,"src/parser/markdown.rs":0.015754009606783123,"src/parser/sfc.rs":0.003614926674563579,"src/toml_index.rs":0.00922837778848954,"src/diff_json.rs":0.041748137646312404,"src/signature.rs":0.003614926674563579,"src/install/opencode.rs":0.015455165582685886,"src/review.rs":0.011449219022024875,"tests/rank_live_smoke.rs":0.009432161238128036,"src/parser/csharp.rs":0.005116196260111865,"src/parser/format.rs":0.03448501917239433,"src/matcher.rs":0.009199055496338194,"python/src/lib.rs":0.004680962826649266,"src/query/index.rs":0.02390670637908677,"src/entity.rs":0.06537974249088155,"tests/fixtures/sample.rs":0.00445063770893351,"python/pyproject.toml":0.002405750219314737,"src/blast.rs":0.014033839162728743,"evals/results/0.2.4-HEAD-3..HEAD.json":0.0043451799449521775,"src/context.rs":0.012852317246178888,"evals/README.md":0.002405750219314737,"src/cache.rs":0.02084123902179698,"src/markdown_index.rs":0.005071484782221627,"src/parser/java.rs":0.005122497476656257,"src/inline_diff.rs":0.03204824321061449,"src/parser/python.rs":0.007149526302959932,"src/parser/c_lang.rs":0.005262625264752782,"src/duplicates.rs":0.011942711210116395,"src/install/cursor.rs":0.013833244213360687,"src/change_detail.rs":0.029237763753036463,"src/parser/helpers.rs":0.03692038559172623,"src/grouping.rs":0.022512240708089874,"CHANGELOG.md":0.002405750219314737,"tests/integration.rs":0.015641651994773787,"src/cochange.rs":0.02507324736321754,"src/lib.rs":0.01992995605835915,"python/README.md":0.002405750219314737,"worked/README.md":0.002405750219314737,"src/markdown_formatter.rs":0.014906976208941389,"src/parser/rust_lang.rs":0.004847130033907152,"src/parser/mod.rs":0.002405750219314737,"src/benchmark.rs":0.01292953534465329,"python/Cargo.toml":0.002405750219314737,"src/install/claude.rs":0.016636045253862013}}