{"version":"1","sigil_version":"0.2.4","damping":0.85,"iterations_max":50,"transitive_depth":3,"file_count":105,"file_rank":{"src/parser/java.rs":0.004652026001516362,"tests/fixtures/sample.md":0.0021733986017243526,"src/install/gemini.rs":0.016089585719519198,"worked/sigil-self/blast-Entity.md":0.0021733986017243526,"python/pyproject.toml":0.0021733986017243526,"python/README.md":0.0021733986017243526,"grouping-implementation-plan.md":0.0021733986017243526,"blog-agent-adoption.md":0.0021733986017243526,"src/parser/languages.rs":0.004146454098157382,"src/parser/go.rs":0.004516589210055588,"tests/markdown_integration.rs":0.012540787084017383,"tests/fixtures/sample.rs":0.005104913132923914,"src/yaml_index.rs":0.007964644207451889,"src/change_detail.rs":0.02831694329612645,"evals/bench_multilang.py":0.023198943949106925,"src/inline_diff.rs":0.031041264862186817,"src/formatter.rs":0.009306937186362165,"src/install/copilot.rs":0.008530140676255422,"src/markdown_index.rs":0.004512913892213895,"src/parser/mod.rs":0.0021733986017243526,"src/parser/metadata.rs":0.00399731055487276,"src/main.rs":0.007813395684624802,"src/install/codex.rs":0.016112839022786908,"tests/integration.rs":0.011285477261647801,"CHANGELOG.md":0.0021733986017243526,"tests/fixtures/sample.yaml":0.0021733986017243526,"tests/rank_live_smoke.rs":0.0053648072315427954,"src/install/mod.rs":0.014338719602353675,"evals/results/0.2.4-HEAD-3..HEAD-o200k.json":0.003190061587765483,"evals/compare_rg.py":0.026318369185869692,"src/parser/treesitter.rs":0.008627083537229463,"tests/fixtures/sample.json":0.0021733986017243526,"src/rank.rs":0.02109481069256254,"src/map.rs":0.017670575323491335,"src/query/index.rs":0.021813907024450203,"src/matcher.rs":0.008586286940565256,"worked/sigil-self/review-HEAD~3..HEAD.md":0.0021733986017243526,"src/install/githook.rs":0.007767328696252362,"src/cochange.rs":0.0171974839719287,"src/index.rs":0.005499637127144486,"src/parser/sfc.rs":0.0032826058147473495,"src/lib.rs":0.01633773331399429,"worked/sigil-self/SIGIL_MAP.md":0.0021733986017243526,"src/parser/csharp.rs":0.004646412446756279,"src/parser/c_lang.rs":0.004779346888917568,"src/output.rs":0.035584205216088446,"tests/fixtures/sample.go":0.003448841780264972,"src/markdown_formatter.rs":0.014065502737113123,"skills/sigil/SKILL.md":0.0021733986017243526,"tests/fixtures/sample.py":0.004207059996485721,"tests/fixtures/sample.ts":0.0021733986017243526,"src/duplicates.rs":0.010521300923040195,"src/install/cursor.rs":0.013398364554561126,"evals/results/multilang-2026-04-20.md":0.0021733986017243526,"src/parser/typescript.rs":0.004847991301234219,"src/review.rs":0.010546311455135083,"src/meta.rs":0.003282605814747349,"src/hasher.rs":0.003282605814747349,"python/Cargo.toml":0.0021733986017243526,"evals/results/rg-comparison-2026-04-20.md":0.0021733986017243526,"dist-workspace.toml":0.0021733986017243526,"tests/diff_integration.rs":0.008660470305915999,"worked/sigil-self/notes.md":0.0021733986017243526,"src/parser/rust_lang.rs":0.00440193934790721,"src/json_index.rs":0.00635546730390793,"src/writer.rs":0.006678867714713824,"src/entity.rs":0.06559877340483512,"agent-adoption-plan.md":0.0021733986017243526,"tests/fixtures/sample.toml":0.0021733986017243526,"src/diff.rs":0.009280464416952967,"tests/fixtures/sample_v2.md":0.0021733986017243526,"src/parser/python.rs":0.006458572595381585,"src/query/mod.rs":0.010704976847327982,"worked/sigil-self/duplicates.md":0.0021733986017243526,"codesight-analysis.md":0.0021733986017243526,"worked/README.md":0.0021733986017243526,"src/parser/format.rs":0.03148187154071244,"src/cache.rs":0.019851053803765176,"src/parser/markdown.rs":0.01543526873952024,"src/blast.rs":0.012062787569802431,"src/git.rs":0.007483889567771417,"README.md":0.0021733986017243526,"src/diff_json.rs":0.03961457720337124,"evals/README.md":0.0021733986017243526,"src/signature.rs":0.0032826058147473495,"src/context.rs":0.011068188910875855,"src/install/opencode.rs":0.014988765591903517,"src/install/aider.rs":0.013547567267107982,"CLAUDE.md":0.0021733986017243526,"python/src/lib.rs":0.004241061623572353,"src/toml_index.rs":0.008212210882429776,"src/community.rs":0.008999288325832574,"src/install/claude.rs":0.01614138474414753,"Cargo.toml":0.0021733986017243526,"src/parser/ruby.rs":0.004347364822994428,"src/parser/cpp.rs":0.005051545545621653,"ARCHITECTURE.md":0.0021733986017243526,"src/grouping.rs":0.021722781175778486,"src/classifier.rs":0.00709034796115525,"src/tokens.rs":0.007790922971631064,"src/parser/helpers.rs":0.0343082892530006,"src/query/duckdb_backend.rs":0.022445340203239593,"src/benchmark.rs":0.011960740128576086,"src/parser/javascript.rs":0.004526132943230454,"worked/sigil-self/context-Entity.md":0.0021733986017243526}}