{"version":"1","sigil_version":"0.2.4","damping":0.85,"iterations_max":50,"transitive_depth":3,"file_count":94,"file_rank":{"src/grouping.rs":0.022254835691917982,"src/markdown_formatter.rs":0.01441000807870849,"src/blast.rs":0.012358240626473291,"src/lib.rs":0.016737892354855916,"CHANGELOG.md":0.00222663153983852,"src/parser/c_lang.rs":0.004896407151121564,"src/inline_diff.rs":0.03180155625071378,"src/json_index.rs":0.006511131380023512,"src/context.rs":0.011339281342239802,"python/pyproject.toml":0.00222663153983852,"README.md":0.00222663153983852,"src/parser/sfc.rs":0.0033630064878106313,"CLAUDE.md":0.00222663153983852,"evals/results/rg-comparison-2026-04-20.md":0.00222663153983852,"src/main.rs":0.008004768972065906,"src/parser/markdown.rs":0.01581332383014622,"src/parser/helpers.rs":0.03514860011036966,"tests/integration.rs":0.011561891626957647,"tests/fixtures/sample.md":0.00222663153983852,"src/git.rs":0.00766719202398961,"evals/README.md":0.00222663153983852,"evals/results/0.2.4-HEAD-3..HEAD-o200k.json":0.003268195586183466,"src/cochange.rs":0.017618700879085007,"Cargo.toml":0.00222663153983852,"dist-workspace.toml":0.00222663153983852,"src/parser/python.rs":0.006616762020333091,"src/query/index.rs":0.02234819364516458,"src/install/claude.rs":0.016536734685029492,"src/parser/go.rs":0.004627213764177625,"tests/diff_integration.rs":0.008872590782483127,"tests/fixtures/sample.json":0.00222663153983852,"evals/bench_multilang.py":0.023767134070232288,"src/diff.rs":0.009507770226934472,"src/index.rs":0.005634339406546718,"src/parser/javascript.rs":0.004636991251409225,"src/duplicates.rs":0.010778998442297476,"src/writer.rs":0.006842452830918438,"src/markdown_index.rs":0.004623448422912329,"tests/fixtures/sample_v2.md":0.00222663153983852,"src/matcher.rs":0.008796590296279496,"src/hasher.rs":0.0033630064878106313,"src/parser/rust_lang.rs":0.004509755789792455,"src/yaml_index.rs":0.00815972175310958,"src/parser/mod.rs":0.00222663153983852,"tests/fixtures/sample.py":0.004310101113303258,"src/install/githook.rs":0.007957573400140392,"src/signature.rs":0.0033630064878106313,"tests/fixtures/sample.ts":0.00222663153983852,"src/diff_json.rs":0.040584854151099414,"src/community.rs":0.00921970730627051,"src/install/copilot.rs":0.00873906888557525,"tests/fixtures/sample.yaml":0.00222663153983852,"src/output.rs":0.03645576655196388,"src/install/aider.rs":0.013879387002567087,"src/review.rs":0.010804621598501776,"src/map.rs":0.018103379570128027,"src/parser/ruby.rs":0.004453844574181947,"python/README.md":0.00222663153983852,"tests/fixtures/sample.go":0.003533314277157135,"src/formatter.rs":0.009534891341605076,"src/rank.rs":0.02161148453810132,"python/Cargo.toml":0.00222663153983852,"src/tokens.rs":0.0079817455740484,"src/install/cursor.rs":0.013726529877963977,"src/parser/languages.rs":0.004248012963489371,"src/install/codex.rs":0.016507489795140197,"tests/fixtures/sample.rs":0.005229947900812571,"src/parser/treesitter.rs":0.008838386193992062,"python/src/lib.rs":0.00434493771802392,"src/query/mod.rs":0.010967173200013466,"tests/markdown_integration.rs":0.012847947722528015,"src/install/mod.rs":0.014689916963207126,"skills/sigil/SKILL.md":0.00222663153983852,"tests/fixtures/sample.toml":0.00222663153983852,"src/toml_index.rs":0.00841335206333452,"src/parser/csharp.rs":0.004760216753680999,"src/install/gemini.rs":0.016483666950201724,"src/parser/format.rs":0.03225295509131753,"src/benchmark.rs":0.012253693791493684,"src/query/duckdb_backend.rs":0.02299509249447011,"evals/results/multilang-with-db-2026-04-20.md":0.00222663153983852,"src/install/opencode.rs":0.01535588450561068,"evals/compare_rg.py":0.026963015505944755,"src/meta.rs":0.0033630064878106313,"src/cache.rs":0.02033726429275947,"src/classifier.rs":0.0072640113910981035,"src/parser/typescript.rs":0.004966732866974488,"src/parser/java.rs":0.004765967800855393,"src/parser/cpp.rs":0.005175272753295766,"src/entity.rs":0.06720547971140889,"src/change_detail.rs":0.029010508088522013,"tests/rank_live_smoke.rs":0.005496207230043629,"evals/results/multilang-2026-04-20.md":0.00222663153983852,"src/parser/metadata.rs":0.004095216448688887}}