{"version":"1","sigil_version":"0.2.4","damping":0.85,"iterations_max":50,"transitive_depth":3,"file_count":98,"file_rank":{"src/parser/c_lang.rs":0.005259002551804377,"dist-workspace.toml":0.0024055734286655235,"src/query/index.rs":0.023885908306650955,"src/parser/sfc.rs":0.0036133202427400305,"src/benchmark.rs":0.012919369731323679,"evals/README.md":0.0024055734286655235,"src/rank.rs":0.028245780394349194,"src/install/claude.rs":0.016624515898819154,"worked/sigil-self/blast-Entity.md":0.0024055734286655235,"ARCHITECTURE.md":0.0024055734286655235,"src/markdown_formatter.rs":0.01489134165284757,"python/pyproject.toml":0.0024055734286655235,"evals/results/0.2.4-HEAD-3..HEAD.json":0.004343478310009467,"src/writer.rs":0.00754438178351709,"tests/fixtures/sample.json":0.0024055734286655235,"src/install/gemini.rs":0.016601873090421645,"src/parser/metadata.rs":0.004329012147274074,"skills/sigil/SKILL.md":0.0024055734286655235,"src/duplicates.rs":0.011931338868671978,"src/parser/format.rs":0.03446615159902233,"worked/sigil-self/notes.md":0.0024055734286655235,"src/cache.rs":0.020813254137183445,"src/install/aider.rs":0.013967295405819641,"python/README.md":0.0024055734286655235,"src/install/cursor.rs":0.013823283195270946,"Cargo.toml":0.0024055734286655235,"codesight-analysis.md":0.0024055734286655235,"src/parser/languages.rs":0.003441882752799292,"src/review.rs":0.01188473627249455,"tests/fixtures/sample.go":0.0024055734286655235,"src/grouping.rs":0.022481528057464055,"python/src/lib.rs":0.004679033531788266,"src/meta.rs":0.0036133202427400305,"src/json_index.rs":0.007133429694476279,"src/install/opencode.rs":0.015444454617030251,"CHANGELOG.md":0.0024055734286655235,"src/diff_json.rs":0.0416861551519997,"tests/fixtures/sample.py":0.0024055734286655235,"tests/fixtures/sample_v2.md":0.0024055734286655235,"src/parser/cpp.rs":0.005558568633586018,"src/parser/go.rs":0.004969954168269375,"src/parser/helpers.rs":0.03689899190713773,"src/parser/treesitter.rs":0.008534995422041773,"src/change_detail.rs":0.02919540719341781,"src/entity.rs":0.06525914378129194,"src/cochange.rs":0.02505855816675929,"src/parser/python.rs":0.007144555644939755,"src/install/mod.rs":0.01504977003933053,"src/classifier.rs":0.007612922427478069,"tests/diff_integration.rs":0.015059627652347835,"tests/fixtures/sample.yaml":0.0024055734286655235,"src/parser/mod.rs":0.0024055734286655235,"src/install/githook.rs":0.00844907929687758,"src/blast.rs":0.014021284484696757,"tests/fixtures/sample.md":0.0024055734286655235,"src/output.rs":0.037321484659158785,"src/parser/rust_lang.rs":0.004843793238292678,"src/signature.rs":0.0036133202427400305,"src/main.rs":0.009429173450925983,"src/parser/markdown.rs":0.01574598227068856,"src/inline_diff.rs":0.03200181511407454,"CLAUDE.md":0.0024055734286655235,"src/context.rs":0.012842228380565219,"worked/sigil-self/duplicates.md":0.0024055734286655235,"tests/markdown_integration.rs":0.01737695663457586,"grouping-implementation-plan.md":0.0024055734286655235,"worked/sigil-self/review-HEAD~3..HEAD.md":0.0024055734286655235,"tests/integration.rs":0.01563748726925949,"src/toml_index.rs":0.009216659587791137,"src/git.rs":0.008862341937070396,"src/markdown_index.rs":0.005065045015550234,"src/yaml_index.rs":0.008940885807051964,"tests/fixtures/sample.ts":0.0024055734286655235,"worked/sigil-self/context-Entity.md":0.0024055734286655235,"src/parser/typescript.rs":0.005334615631984854,"src/diff.rs":0.010212750861668073,"src/parser/javascript.rs":0.004980441637541309,"tests/rank_live_smoke.rs":0.009429173450925985,"src/matcher.rs":0.00919135809318027,"blog-agent-adoption.md":0.0024055734286655235,"src/map.rs":0.020811789925748028,"src/hasher.rs":0.0036133202427400305,"src/install/codex.rs":0.016600486934270298,"src/install/copilot.rs":0.009201886531737457,"worked/README.md":0.0024055734286655235,"agent-adoption-plan.md":0.0024055734286655235,"tests/fixtures/sample.toml":0.0024055734286655235,"python/Cargo.toml":0.0024055734286655235,"src/lib.rs":0.01991690563942694,"tests/fixtures/sample.rs":0.004450310645388381,"worked/sigil-self/SIGIL_MAP.md":0.0024055734286655235,"README.md":0.0024055734286655235,"src/parser/csharp.rs":0.005112674424407457,"src/formatter.rs":0.009941955760719254,"src/parser/ruby.rs":0.004783969391226836,"src/index.rs":0.006270398426514766,"src/query/mod.rs":0.013122334915052795,"src/parser/java.rs":0.0051189711364007535}}