{"version":"1","sigil_version":"0.2.4","damping":0.85,"iterations_max":50,"transitive_depth":3,"file_count":79,"file_rank":{"tests/fixtures/sample.rs":0.0051919563134825925,"src/change_detail.rs":0.03518211932149141,"src/parser/go.rs":0.005940771486755012,"tests/fixtures/sample.go":0.0028064629828639513,"src/grouping.rs":0.027089166191682414,"python/src/lib.rs":0.00553814604296088,"tests/integration.rs":0.01771704188630147,"src/lib.rs":0.020237720831840025,"src/signature.rs":0.004303284857557424,"src/context.rs":0.01571712134160984,"src/toml_index.rs":0.01103071012768014,"src/parser/c_lang.rs":0.006286153159915734,"src/parser/csharp.rs":0.006111186294107497,"ARCHITECTURE.md":0.0028064629828639513,"grouping-implementation-plan.md":0.0028064629828639513,"agent-adoption-plan.md":0.0028064629828639513,"src/parser/format.rs":0.041059899783034474,"src/yaml_index.rs":0.010701073991855149,"tests/diff_integration.rs":0.01347241919911956,"src/review.rs":0.014178854469408565,"skills/sigil/SKILL.md":0.0028064629828639513,"src/query/index.rs":0.02975270500355574,"src/git.rs":0.010422033533180745,"src/parser/java.rs":0.006118871014122011,"src/duplicates.rs":0.014577115005663244,"src/diff_json.rs":0.05040077011622891,"src/parser/javascript.rs":0.005953276884514954,"src/markdown_formatter.rs":0.017896646143592085,"tests/fixtures/sample.yaml":0.0028064629828639513,"src/cochange.rs":0.02968249492829997,"src/parser/helpers.rs":0.044061422611589386,"src/json_index.rs":0.008537575927266719,"python/pyproject.toml":0.0028064629828639513,"src/index.rs":0.006147293327512086,"tests/fixtures/sample.toml":0.0028064629828639513,"src/parser/python.rs":0.008598529441639812,"src/parser/typescript.rs":0.00637667797735198,"src/parser/ruby.rs":0.005718792559168712,"src/formatter.rs":0.011935960117114872,"src/parser/mod.rs":0.0028064629828639513,"tests/rank_live_smoke.rs":0.007899494860529484,"src/hasher.rs":0.004303284857557424,"CHANGELOG.md":0.0028064629828639513,"python/README.md":0.0028064629828639513,"src/matcher.rs":0.011044672326711334,"tests/fixtures/sample_v2.md":0.0028064629828639513,"tests/fixtures/sample.json":0.0028064629828639513,"src/markdown_index.rs":0.006061991943788693,"src/query/mod.rs":0.015695490534749643,"python/Cargo.toml":0.0028064629828639513,"tests/markdown_integration.rs":0.01968772443604317,"src/diff.rs":0.012358453599447004,"src/parser/rust_lang.rs":0.005789946418927439,"src/rank.rs":0.034106667608948725,"src/inline_diff.rs":0.038552675341574374,"tests/fixtures/sample.ts":0.0028064629828639513,"src/parser/cpp.rs":0.006644315264853808,"src/cache.rs":0.024953851060687447,"src/main.rs":0.007899494860529483,"src/writer.rs":0.009229862807867332,"src/parser/sfc.rs":0.004303284857557424,"dist-workspace.toml":0.0028064629828639513,"tests/fixtures/sample.md":0.0028064629828639513,"src/classifier.rs":0.009139210952345187,"src/benchmark.rs":0.015468813027382462,"codesight-analysis.md":0.0028064629828639513,"src/entity.rs":0.07904767243404812,"src/parser/languages.rs":0.0040379949784263664,"src/map.rs":0.025574984744218626,"src/parser/treesitter.rs":0.010102696630730289,"Cargo.toml":0.0028064629828639513,"src/blast.rs":0.017201077679542712,"tests/fixtures/sample.py":0.0028064629828639513,"src/parser/metadata.rs":0.005165512676382131,"src/meta.rs":0.0043032848575574245,"src/output.rs":0.04497590473993432,"CLAUDE.md":0.0028064629828639513,"README.md":0.0028064629828639513,"src/parser/markdown.rs":0.018771660987050662}}