{"version":"1","sigil_version":"0.2.4","damping":0.85,"iterations_max":50,"transitive_depth":3,"file_count":101,"file_rank":{"src/parser/helpers.rs":0.03697414973662086,"tests/markdown_integration.rs":0.01684999348373275,"python/README.md":0.0023154915937023493,"tests/fixtures/sample.json":0.0023154915937023493,"CHANGELOG.md":0.0023154915937023493,"worked/sigil-self/review-HEAD~3..HEAD.md":0.0023154915937023493,"src/writer.rs":0.007251441247627153,"README.md":0.0023154915937023493,"src/git.rs":0.008625457370154296,"src/parser/mod.rs":0.0023154915937023493,"src/yaml_index.rs":0.008761878334102146,"src/parser/languages.rs":0.004494115556658565,"evals/results/0.2.4-HEAD-3..HEAD-o200k.json":0.0029222281008470185,"src/install/copilot.rs":0.008922662956847686,"src/index.rs":0.006122697691360431,"python/pyproject.toml":0.0023154915937023493,"src/toml_index.rs":0.009033305064988556,"src/change_detail.rs":0.02925336619256383,"src/map.rs":0.019075728715502175,"src/parser/sfc.rs":0.003533326191165143,"src/parser/go.rs":0.004865308142750806,"tests/fixtures/sample.toml":0.0023154915937023493,"tests/fixtures/sample.yaml":0.0023154915937023493,"evals/results/0.2.4-HEAD-3..HEAD.json":0.0029222281008470185,"src/cochange.rs":0.024810836562098523,"tests/fixtures/sample.go":0.0023154915937023493,"worked/sigil-self/duplicates.md":0.0023154915937023493,"src/parser/typescript.rs":0.0052222991226784175,"src/install/gemini.rs":0.016080200029359688,"src/diff_json.rs":0.04119339121300505,"src/diff.rs":0.009766344027094151,"python/src/lib.rs":0.004510414713872205,"src/matcher.rs":0.009120004314846514,"codesight-analysis.md":0.0023154915937023493,"src/markdown_formatter.rs":0.014759622309678498,"src/signature.rs":0.003533326191165143,"tests/fixtures/sample_v2.md":0.0023154915937023493,"src/community.rs":0.00950889219238351,"src/context.rs":0.01189299602080559,"evals/README.md":0.0023154915937023493,"tests/fixtures/sample.rs":0.004283659282275082,"tests/fixtures/sample.py":0.0023154915937023493,"src/grouping.rs":0.022507659803989145,"skills/sigil/SKILL.md":0.0023154915937023493,"src/install/claude.rs":0.016102042457251404,"worked/sigil-self/SIGIL_MAP.md":0.0023154915937023493,"src/install/githook.rs":0.008193107653051037,"src/query/index.rs":0.021498706305342515,"src/duplicates.rs":0.01077057663431212,"Cargo.toml":0.0023154915937023493,"src/parser/javascript.rs":0.004875587616072435,"src/parser/cpp.rs":0.005441567736681618,"src/markdown_index.rs":0.004964200554264467,"src/formatter.rs":0.009815465939507646,"src/cache.rs":0.020564306079074012,"worked/README.md":0.0023154915937023493,"src/review.rs":0.01125467843959834,"src/install/codex.rs":0.01607880744446486,"python/Cargo.toml":0.0023154915937023493,"src/install/cursor.rs":0.013389790447565882,"src/query/mod.rs":0.012835285822129804,"src/benchmark.rs":0.012372669147847975,"src/parser/python.rs":0.006957983195877561,"src/inline_diff.rs":0.03206699732952213,"src/hasher.rs":0.003533326191165143,"dist-workspace.toml":0.0023154915937023493,"src/parser/csharp.rs":0.005005154363109899,"tests/fixtures/sample.ts":0.0023154915937023493,"tests/fixtures/sample.md":0.0023154915937023493,"blog-agent-adoption.md":0.0023154915937023493,"src/parser/rust_lang.rs":0.004741804825495064,"src/parser/format.rs":0.03471263858650026,"src/tokens.rs":0.008750454900795136,"src/lib.rs":0.019071449134117586,"src/entity.rs":0.06651929068713679,"worked/sigil-self/blast-Entity.md":0.0023154915937023493,"src/main.rs":0.009110349015925294,"tests/integration.rs":0.015163274656113605,"src/meta.rs":0.003533326191165143,"src/parser/java.rs":0.00501120111902471,"CLAUDE.md":0.0023154915937023493,"src/output.rs":0.03699620661366233,"src/classifier.rs":0.007552654158673678,"src/json_index.rs":0.006991181028565789,"tests/rank_live_smoke.rs":0.009110349015925294,"src/parser/ruby.rs":0.004683021421675656,"src/parser/metadata.rs":0.004306764731551492,"src/install/aider.rs":0.013528520896140104,"src/parser/treesitter.rs":0.009326848494240248,"agent-adoption-plan.md":0.0023154915937023493,"src/parser/markdown.rs":0.01668881780907491,"src/parser/c_lang.rs":0.005148351289296844,"ARCHITECTURE.md":0.0023154915937023493,"grouping-implementation-plan.md":0.0023154915937023493,"src/install/opencode.rs":0.014959091801620078,"worked/sigil-self/notes.md":0.0023154915937023493,"worked/sigil-self/context-Entity.md":0.0023154915937023493,"tests/diff_integration.rs":0.014576580329785637,"src/install/mod.rs":0.0146126408917939,"src/blast.rs":0.012514849160141452,"src/rank.rs":0.028092307810945915}}