{"version":"1","sigil_version":"0.2.4","damping":0.85,"iterations_max":50,"transitive_depth":3,"file_count":73,"file_rank":{"src/cache.rs":0.027010349357824946,"agent-adoption-plan.md":0.0032738532701433267,"src/parser/javascript.rs":0.00709065572075883,"src/parser/cpp.rs":0.007909776852488132,"tests/rank_live_smoke.rs":0.009182867256901506,"grouping-implementation-plan.md":0.0032738532701433267,"Cargo.toml":0.0032738532701433267,"src/parser/python.rs":0.015177878429868947,"src/parser/c_lang.rs":0.007477634065626418,"src/yaml_index.rs":0.01206998047207345,"ARCHITECTURE.md":0.0032738532701433267,"src/query/mod.rs":0.009105497445715224,"src/parser/metadata.rs":0.006017266204465706,"src/hasher.rs":0.004959978879946817,"src/toml_index.rs":0.012441323668094143,"tests/fixtures/sample.ts":0.0032738532701433267,"src/main.rs":0.009182867256901506,"src/parser/go.rs":0.00707726987172706,"src/change_detail.rs":0.03649611230403382,"src/parser/rust_lang.rs":0.006897865233182376,"src/markdown_formatter.rs":0.019632819276295944,"src/rank.rs":0.05565825646196798,"src/index.rs":0.006934419280308634,"tests/fixtures/sample.py":0.0032738532701433267,"src/markdown_index.rs":0.006837235244496416,"src/parser/java.rs":0.007287669745500365,"src/json_index.rs":0.009629498586388379,"src/lib.rs":0.029888119714710018,"CHANGELOG.md":0.0032738532701433267,"src/meta.rs":0.004959978879946818,"skills/sigil/SKILL.md":0.0032738532701433267,"python/Cargo.toml":0.0032738532701433267,"src/diff.rs":0.014676167624137879,"python/src/lib.rs":0.006649509657126759,"src/signature.rs":0.004959978879946818,"src/writer.rs":0.010945649967482403,"src/parser/markdown.rs":0.022679827701902824,"CLAUDE.md":0.0032738532701433267,"tests/fixtures/sample.toml":0.0032738532701433267,"src/parser/ruby.rs":0.006842983556152497,"src/grouping.rs":0.028773304450263753,"tests/integration.rs":0.020146949046686513,"src/query/index.rs":0.021344409662370382,"src/map.rs":0.01981640753092055,"src/parser/typescript.rs":0.007594900537278946,"src/parser/helpers.rs":0.05423381732063432,"python/pyproject.toml":0.0032738532701433267,"tests/fixtures/sample.json":0.0032738532701433267,"src/parser/sfc.rs":0.004959978879946818,"python/README.md":0.0032738532701433267,"tests/fixtures/sample_v2.md":0.0032738532701433267,"tests/fixtures/sample.rs":0.006056628128118676,"tests/diff_integration.rs":0.015504564797158072,"src/output.rs":0.0487161505909666,"src/formatter.rs":0.013255403453364104,"tests/markdown_integration.rs":0.022110580148513297,"dist-workspace.toml":0.0032738532701433267,"src/parser/treesitter.rs":0.012258778141730431,"src/entity.rs":0.08025134330587666,"src/inline_diff.rs":0.03998138423343164,"src/parser/mod.rs":0.0032738532701433267,"src/diff_json.rs":0.049586966078480677,"tests/fixtures/sample.yaml":0.0032738532701433267,"src/git.rs":0.012148163350148341,"src/parser/languages.rs":0.0047512605160550826,"src/matcher.rs":0.013657554462824248,"src/parser/format.rs":0.04929186347572858,"README.md":0.0032738532701433267,"src/parser/csharp.rs":0.007261730552181659,"codesight-analysis.md":0.0032738532701433267,"tests/fixtures/sample.md":0.0032738532701433267,"tests/fixtures/sample.go":0.0032738532701433267,"src/classifier.rs":0.010593651798195226}}